plant,bursts_per_100km,nrw_per_km_m3,account_density,plant_age_yr,predicted_nrw_2026,predicted_bursts_2026,pipe_age_2026,district,region,area_type,lips,lips_rank,pr_nrw_per_km_m3_2026,pr_bursts_per_100km_2026,pr_plant_age_yr_2026,pr_account_density_2026,lips_2026,lips_rank_2026,rank_change
BENTONG (FASA 2),54.74956822107081,69041.9170984456,483.8484455958549,41.0,31.824892643358755,54.74956822107081,41.0,BENTONG,BARAT,Bandar,94.53,1,95.94594594594594,77.02702702702703,100.0,94.5945945945946,91.8,1,0
BATU 9,52.083333333333336,56626.979166666664,418.265625,39.0,30.46521490317542,52.083333333333336,39.0,LIPIS,BARAT,Pinggir Bandar,74.26,7,86.48648648648648,60.810810810810814,92.56756756756756,89.1891891891892,81.7,2,5
SG GAPOI,50.326797385620914,61402.37254901961,435.6503267973856,36.0,33.04143928525251,50.326797385620914,36.0,BENTONG,BARAT,Pinggir Bandar,85.34,2,91.8918918918919,51.35135135135135,85.13513513513513,93.24324324324324,80.6,3,-1
SG JELAI,47.986577181208055,72613.24496644296,569.8624161073825,32.0,29.06930611682555,47.986577181208055,32.0,LIPIS,BARAT,Bandar,80.74,3,97.2972972972973,40.54054054054054,73.64864864864865,97.2972972972973,78.4,4,-1
BUKIT UBI,46.358543417366946,65376.84033613445,518.5497198879551,38.0,28.637811676974398,46.358543417366946,38.0,KUANTAN,PANTAI TIMUR,Bandar,78.11,4,93.24324324324324,32.432432432432435,89.86486486486487,95.94594594594594,77.8,5,-1
SG BERA (KEPAYANG),66.66666666666667,49132.03571428572,205.61607142857142,31.0,56.32324423807993,66.66666666666667,31.0,BERA,TENGAH,Luar Bandar,75.51,6,77.02702702702703,97.2972972972973,66.8918918918919,50.0,76.0,6,0
SG. LEMBING,45.833333333333336,55816.083333333336,430.97222222222223,40.0,28.96778009238503,45.833333333333336,40.0,KUANTAN,PANTAI TIMUR,Pinggir Bandar,77.97,5,85.13513513513513,29.72972972972973,96.62162162162163,91.8918918918919,74.6,7,-2
ULU SUNGAI,65.38461538461539,43074.11538461538,183.19551282051282,33.0,54.98257574018855,65.38461538461539,33.0,RAUB,BARAT,Luar Bandar,71.55,9,66.21621621621621,95.94594594594594,78.37837837837837,40.54054054054054,72.2,8,1
PANCHING,40.773809523809526,73045.83482142857,645.8303571428571,31.0,25.911232834927834,40.773809523809526,31.0,KUANTAN,PANTAI TIMUR,Bandar,70.03,11,98.64864864864865,6.756756756756757,66.8918918918919,100.0,69.5,9,2
PEKAN TAJAU,51.612903225806456,43606.06451612903,285.53225806451616,36.0,36.57577172616861,51.612903225806456,36.0,MARAN,TENGAH,Pinggir Bandar,65.27,14,67.56756756756756,59.45945945945946,85.13513513513513,64.86486486486487,68.6,10,4
KECHAU,48.29931972789115,56799.204081632655,320.6887755102041,23.0,41.79466773771606,48.29931972789115,23.0,LIPIS,BARAT,Pinggir Bandar,73.45,8,87.83783783783784,41.891891891891895,45.27027027027027,75.67567567567568,66.0,11,-3
BRINCHANG,48.80952380952382,40613.92857142857,327.32142857142856,40.0,27.958510320778256,48.80952380952382,40.0,CAMERON HIGHLANDS,BARAT,Pinggir Bandar,71.08,10,59.45945945945946,43.24324324324324,96.62162162162163,78.37837837837837,65.7,12,-2
SIMPANG JENGKA,54.166666666666664,41276.725,248.58541666666665,31.0,37.728922803630155,54.166666666666664,31.0,MARAN,TENGAH,Pinggir Bandar,49.56,41,60.810810810810814,75.67567567567568,66.8918918918919,55.4054054054054,64.9,13,28
PADANG PIOL,45.57823129251701,67952.0,386.6853741496598,17.0,39.814488868175744,45.57823129251701,17.0,JERANTUT,TENGAH,Pinggir Bandar,61.79,19,94.5945945945946,27.027027027027028,27.027027027027028,86.48648648648648,63.0,14,5
BATU EMBUN,65.27777777777779,32463.916666666668,157.14930555555557,40.0,47.49146970282988,65.27777777777779,40.0,JERANTUT,TENGAH,Luar Bandar,63.58,16,37.83783783783784,94.5945945945946,96.62162162162163,29.72972972972973,62.6,15,1
RUNCHANG AGRO,44.0251572327044,59328.09433962264,372.4779874213836,24.0,35.79823588720231,44.0251572327044,24.0,PEKAN,PANTAI TIMUR,Pinggir Bandar,65.2,15,89.1891891891892,18.91891891891892,48.64864864864865,82.43243243243244,62.5,16,-1
KUALA MEDANG,58.333333333333336,49219.82142857143,202.7202380952381,12.0,53.82554348209464,58.333333333333336,12.0,LIPIS,BARAT,Luar Bandar,63.41,17,78.37837837837837,89.86486486486487,4.72972972972973,48.64864864864865,62.1,17,0
SG SEMANTAN,49.358974358974365,59670.307692307695,325.588141025641,13.0,43.5496063358701,49.358974358974365,13.0,RAUB,BARAT,Pinggir Bandar,68.85,12,90.54054054054053,45.94594594594595,10.81081081081081,77.02702702702703,61.4,18,-6
BUKIT BETONG,47.916666666666664,40540.708333333336,360.0173611111111,34.0,24.890166928795647,47.916666666666664,34.0,LIPIS,BARAT,Pinggir Bandar,65.3,13,58.108108108108105,39.189189189189186,80.4054054054054,79.72972972972973,61.1,19,-6
LEPAR,52.38095238095238,33755.0,238.03571428571428,40.0,32.95666030946274,52.38095238095238,40.0,PEKAN,PANTAI TIMUR,Pinggir Bandar,56.55,27,43.24324324324324,65.54054054054053,96.62162162162163,54.054054054054056,61.1,20,7
JENGKA UTAMA,44.200913242009136,54426.739726027394,425.6196347031963,23.0,28.049399408821003,44.200913242009136,23.0,MARAN,TENGAH,Bandar,60.34,21,82.43243243243244,21.62162162162162,45.27027027027027,90.54054054054053,61.0,21,0
BATU MALIM,51.28205128205128,36013.41025641026,284.22435897435895,36.0,29.888475634776277,51.28205128205128,36.0,RAUB,BARAT,Pinggir Bandar,62.09,18,50.0,56.75675675675676,85.13513513513513,63.51351351351351,60.7,22,-4
JAWI-JAWI,46.666666666666664,45922.2,291.19791666666663,29.0,36.149227658351734,46.666666666666664,29.0,BENTONG,BARAT,Pinggir Bandar,58.45,24,72.97297297297297,33.78378378378378,60.13513513513513,67.56756756756756,59.8,23,1
LEPAR UTARA,55.55555555555555,33410.22222222222,191.0216049382716,32.0,40.45243347646566,55.55555555555555,32.0,JERANTUT,TENGAH,Luar Bandar,58.95,23,41.891891891891895,81.08108108108108,73.64864864864865,44.5945945945946,58.4,24,-1
TRIANG,41.156462585034014,81547.95918367348,579.1927437641723,11.0,31.906256066917123,41.156462585034014,11.0,BERA,TENGAH,Bandar,57.91,25,100.0,8.108108108108109,2.027027027027027,98.64864864864865,57.2,25,0
NENASI,53.84615384615385,37973.92307692308,202.20192307692307,25.0,42.78984825122044,53.84615384615385,25.0,PEKAN,PANTAI TIMUR,Luar Bandar,57.77,26,54.054054054054056,72.97297297297297,50.67567567567568,47.2972972972973,57.1,26,0
KERTAU,45.45454545454546,47935.545454545456,311.77840909090907,22.0,35.65538499797662,45.45454545454546,22.0,MARAN,TENGAH,Pinggir Bandar,56.22,28,75.67567567567568,24.324324324324326,41.891891891891895,74.32432432432432,55.9,27,1
MELA,43.333333333333336,51994.3,378.40833333333336,18.0,31.403879257188805,43.333333333333336,18.0,LIPIS,BARAT,Pinggir Bandar,53.82,31,81.08108108108108,14.864864864864865,33.108108108108105,83.78378378378379,55.3,28,3
BELIMBING,57.333333333333336,30878.36,164.17666666666668,32.0,41.56550880169003,57.333333333333336,32.0,PEKAN,PANTAI TIMUR,Luar Bandar,49.86,40,33.78378378378378,87.16216216216216,73.64864864864865,33.78378378378378,55.1,29,11
ULU JEMPOL,55.913978494623656,27163.8064516129,186.46505376344086,38.0,32.7529903937365,55.913978494623656,38.0,MARAN,TENGAH,Luar Bandar,50.41,38,25.675675675675674,82.43243243243244,89.86486486486487,41.891891891891895,55.1,30,8
LURAH BILUT,60.0,26997.32,138.63,39.0,46.25719041549599,60.0,39.0,BENTONG,BARAT,Luar Bandar,53.78,32,24.324324324324326,91.8918918918919,92.56756756756756,21.62162162162162,54.5,31,1
BUKIT FRASER,67.94871794871796,30559.26923076923,142.42628205128204,31.0,49.47889692652205,67.94871794871796,31.0,RAUB,BARAT,Luar Bandar,52.3,35,31.08108108108108,98.64864864864865,66.8918918918919,25.675675675675674,54.3,32,3
SG BERA (TEMBANGAU),49.52380952380952,37678.37142857143,249.80952380952382,30.0,33.892276197255136,49.52380952380952,30.0,BERA,TENGAH,Pinggir Bandar,47.74,46,52.702702702702695,47.2972972972973,62.83783783783784,56.75675675675676,54.0,33,13
MERAPOH,46.07843137254901,35491.0,304.546568627451,35.0,25.6129005232864,46.07843137254901,35.0,LIPIS,BARAT,Pinggir Bandar,59.97,22,47.2972972972973,31.08108108108108,82.43243243243244,70.27027027027027,53.7,34,-12
SG BILUT,44.44444444444445,46074.854166666664,287.15625,20.0,38.004191397022154,44.44444444444445,20.0,RAUB,BARAT,Pinggir Bandar,61.52,20,74.32432432432432,22.972972972972975,39.189189189189186,66.21621621621621,53.2,35,-15
BERA KOMPLEKS,53.333333333333336,42229.433333333334,170.39444444444445,14.0,57.17420919292058,53.333333333333336,14.0,BERA,TENGAH,Luar Bandar,52.7,34,64.86486486486487,71.62162162162163,16.216216216216218,35.13513513513514,52.4,36,-2
SG KLOI,56.0,39435.88,180.14,13.0,50.69141486162588,56.0,13.0,RAUB,BARAT,Luar Bandar,41.89,52,56.75675675675676,83.78378378378379,10.81081081081081,39.189189189189186,51.7,37,15
KOTA GELANGGI,38.333333333333336,49991.23333333333,361.5111111111111,17.0,31.59252039674567,38.333333333333336,17.0,JERANTUT,TENGAH,Pinggir Bandar,53.01,33,79.72972972972973,4.054054054054054,27.027027027027028,81.08108108108108,50.5,38,-5
JENDERAK UTARA,42.62295081967213,42148.44262295082,309.33196721311475,26.0,29.80784404297454,42.62295081967213,26.0,TEMERLOH,TENGAH,Pinggir Bandar,55.14,29,63.51351351351351,13.513513513513514,53.37837837837838,72.97297297297297,50.4,39,-10
SELENDANG,55.12820512820513,35840.92307692308,171.80128205128204,17.0,49.059976498364065,55.12820512820513,17.0,ROMPIN,PANTAI TIMUR,Luar Bandar,51.96,36,48.64864864864865,79.72972972972973,27.027027027027028,36.486486486486484,50.3,40,-4
KARAK,54.02298850574712,33844.24137931035,178.68965517241378,19.0,42.96114179742886,54.02298850574712,19.0,BENTONG,BARAT,Luar Bandar,51.08,37,44.5945945945946,74.32432432432432,36.486486486486484,37.83783783783784,49.4,41,-4
SEKOR,61.333333333333336,30014.76,142.37333333333333,25.0,50.10424754785561,61.333333333333336,25.0,PEKAN,PANTAI TIMUR,Luar Bandar,50.0,39,29.72972972972973,93.24324324324324,50.67567567567568,24.324324324324326,49.0,42,-3
JANDA BAIK,38.297872340425535,55148.14893617021,383.1914893617021,12.0,32.73944422075397,38.297872340425535,12.0,BENTONG,BARAT,Pinggir Bandar,47.91,44,83.78378378378379,2.7027027027027026,4.72972972972973,85.13513513513513,47.9,43,1
SEMAMBU,38.062547673531654,45516.800915331805,414.65350877192986,17.0,24.077730179981216,38.062547673531654,17.0,KUANTAN,PANTAI TIMUR,Bandar,47.57,47,71.62162162162163,1.3513513513513513,27.027027027027028,87.83783783783784,47.6,44,3
KUALA TAHAN,57.333333333333336,21516.8,139.45666666666665,32.0,35.65713568795625,57.333333333333336,32.0,JERANTUT,TENGAH,Luar Bandar,45.95,48,16.216216216216218,87.16216216216216,73.64864864864865,22.972972972972975,46.5,45,3
BUKIT SAGU,43.7037037037037,44726.57777777778,295.18333333333334,15.0,33.412255564583724,43.7037037037037,15.0,KUANTAN,PANTAI TIMUR,Pinggir Bandar,53.85,30,68.91891891891892,17.56756756756757,18.91891891891892,68.91891891891892,46.1,46,-16
SG TEMAU,45.614035087719294,38418.94736842105,306.66228070175436,17.0,28.48670038591582,45.614035087719294,17.0,LIPIS,BARAT,Pinggir Bandar,47.77,45,55.4054054054054,28.37837837837838,27.027027027027028,71.62162162162163,45.4,47,-2
SG TEKAM UTARA,58.333333333333336,23535.666666666668,120.96875,28.0,43.948416605790165,58.333333333333336,28.0,JERANTUT,TENGAH,Luar Bandar,45.0,50,18.91891891891892,89.86486486486487,58.108108108108105,18.91891891891892,44.5,48,2
RUNCHANG,44.11764705882353,45017.14705882353,254.96078431372547,13.0,39.98141281405796,44.11764705882353,13.0,PEKAN,PANTAI TIMUR,Pinggir Bandar,48.11,43,70.27027027027027,20.27027027027027,10.81081081081081,58.108108108108105,44.1,49,-6
LEPAR HILIR,56.41025641025641,32793.92307692308,156.74679487179486,13.0,48.690110672528974,56.41025641025641,13.0,KUANTAN,PANTAI TIMUR,Luar Bandar,41.55,53,40.54054054054054,85.13513513513513,10.81081081081081,28.37837837837838,43.9,50,3
KARAK INDAH,70.0,14770.75,60.9875,32.0,56.433116565260704,70.0,32.0,BENTONG,BARAT,Luar Bandar,43.92,51,9.45945945945946,100.0,73.64864864864865,2.7027027027027026,43.9,51,0
MEMPAGA,52.77777777777777,27718.791666666668,153.93055555555557,27.0,41.51278743517144,52.77777777777777,27.0,BENTONG,BARAT,Luar Bandar,45.68,49,27.027027027027028,67.56756756756756,56.08108108108109,27.027027027027028,43.0,52,-3
TERLA,50.617283950617285,35288.51851851852,161.83950617283952,17.0,49.60676242215055,50.617283950617285,17.0,CAMERON HIGHLANDS,BARAT,Luar Bandar,49.22,42,45.94594594594595,52.702702702702695,27.027027027027028,31.08108108108108,41.6,53,-11
JENGKA 8,52.17391304347826,15583.260869565218,86.55072463768116,37.0,41.04027876376088,52.17391304347826,37.0,JERANTUT,TENGAH,Luar Bandar,34.56,59,12.162162162162163,62.83783783783784,87.83783783783784,12.162162162162163,40.0,54,5
TRAS,47.43589743589744,29143.46153846154,189.58653846153845,30.0,35.27674883023282,47.43589743589744,30.0,RAUB,BARAT,Luar Bandar,34.8,58,28.37837837837838,36.486486486486484,62.83783783783784,43.24324324324324,39.5,55,3
SBRG TEMERLOH,43.41085271317829,36506.976744186046,281.70348837209303,15.0,30.308567606956853,43.41085271317829,15.0,TEMERLOH,TENGAH,Pinggir Bandar,35.34,57,51.35135135135135,16.216216216216218,18.91891891891892,62.16216216216216,37.7,56,1
GANCHONG,55.0,15377.85,70.5625,29.0,49.29418944078224,55.0,29.0,PEKAN,PANTAI TIMUR,Luar Bandar,31.59,64,10.81081081081081,78.37837837837837,60.13513513513513,8.108108108108109,37.2,57,7
BATU SAWAR,41.41414141414141,41743.393939393936,277.3787878787879,11.0,34.64427490729409,41.41414141414141,11.0,MARAN,TENGAH,Pinggir Bandar,37.43,54,62.16216216216216,9.45945945945946,2.027027027027027,60.810810810810814,36.8,58,-4
CHINI,51.51515151515151,17629.18181818182,96.62121212121211,32.0,41.833821511643755,51.51515151515151,32.0,PEKAN,PANTAI TIMUR,Luar Bandar,36.18,56,13.513513513513514,58.108108108108105,73.64864864864865,13.513513513513514,36.7,59,-3
KG BANTAL,47.77777777777778,31731.2,207.74444444444444,16.0,33.58751072735311,47.77777777777778,16.0,JERANTUT,TENGAH,Pinggir Bandar,33.38,62,36.486486486486484,37.83783783783784,21.62162162162162,51.35135135135135,36.1,60,2
JENDERAK KG,45.55555555555555,30880.2,198.20833333333334,19.0,35.919613283548344,45.55555555555555,19.0,TEMERLOH,TENGAH,Pinggir Bandar,37.03,55,35.13513513513514,25.675675675675674,36.486486486486484,45.94594594594595,34.7,61,-6
MUADZAM SHAH,41.904761904761905,32668.428571428572,276.95,17.0,26.537307699930523,41.904761904761905,17.0,ROMPIN,PANTAI TIMUR,Pinggir Bandar,31.35,65,39.189189189189186,12.162162162162163,27.027027027027028,59.45945945945946,33.0,62,3
BATU BALAI,41.666666666666664,30606.64285714286,207.8422619047619,19.0,34.73912003415883,41.666666666666664,19.0,JERANTUT,TENGAH,Pinggir Bandar,33.75,60,32.432432432432435,10.81081081081081,36.486486486486484,52.702702702702695,30.9,63,-3
HABU,53.030303030303024,14441.318181818182,78.78030303030303,23.0,42.3023087705866,53.030303030303024,23.0,CAMERON HIGHLANDS,BARAT,Luar Bandar,33.65,61,8.108108108108109,68.91891891891892,45.27027027027027,9.45945945945946,30.9,64,-3
JENGKA 3-7,52.17391304347826,23986.521739130436,116.01811594202898,15.0,48.03905841676946,52.17391304347826,15.0,MARAN,TENGAH,Luar Bandar,31.76,63,21.62162162162162,62.83783783783784,18.91891891891892,16.216216216216218,30.6,65,-2
LUBUK KAWAH,53.03030303030303,23748.31818181818,97.30681818181819,13.0,56.7862583989259,53.03030303030303,13.0,TEMERLOH,TENGAH,Luar Bandar,26.52,69,20.27027027027027,70.27027027027027,10.81081081081081,14.864864864864865,30.1,66,3
SEPAYANG,46.913580246913575,21911.555555555555,138.4320987654321,27.0,35.81217032798914,46.913580246913575,27.0,ROMPIN,PANTAI TIMUR,Luar Bandar,25.34,70,17.56756756756757,35.13513513513514,56.08108108108109,20.27027027027027,30.1,67,3
SG AUR,50.0,8022.85,51.333333333333336,34.0,34.9551510430654,50.0,34.0,ROMPIN,PANTAI TIMUR,Luar Bandar,30.84,66,1.3513513513513513,49.32432432432432,80.4054054054054,1.3513513513513513,29.2,68,-2
SG KERATONG,49.275362318840585,18756.91304347826,117.39492753623189,23.0,37.44690050937572,49.275362318840585,23.0,ROMPIN,PANTAI TIMUR,Luar Bandar,27.94,68,14.864864864864865,44.5945945945946,45.27027027027027,17.56756756756757,28.8,69,-1
MEMPATEH,52.38095238095238,12159.0,66.43650793650794,18.0,42.30511299921774,52.38095238095238,18.0,TEMERLOH,TENGAH,Luar Bandar,19.59,72,5.405405405405405,65.54054054054053,33.108108108108105,6.756756756756757,26.2,70,2
BENTA,50.79365079365079,10320.761904761905,65.8015873015873,26.0,34.57682176194628,50.79365079365079,26.0,LIPIS,BARAT,Luar Bandar,29.8,67,2.7027027027027026,54.729729729729726,53.37837837837838,5.405405405405405,26.2,71,-4
SEBERANG TEMBELING,39.50617283950617,24951.666666666668,162.11111111111111,21.0,34.03921298105071,39.50617283950617,21.0,JERANTUT,TENGAH,Luar Bandar,23.18,71,22.972972972972975,5.405405405405405,40.54054054054054,32.432432432432435,23.5,72,-1
CHENOR,50.79365079365079,13129.238095238095,81.48412698412699,13.0,37.42434386635625,50.79365079365079,13.0,MARAN,TENGAH,Luar Bandar,12.06,74,6.756756756756757,54.729729729729726,10.81081081081081,10.81081081081081,20.2,73,1
SG KLAU,50.0,12107.2,61.93333333333334,13.0,43.42539586913587,50.0,13.0,RAUB,BARAT,Luar Bandar,18.41,73,4.054054054054054,49.32432432432432,10.81081081081081,4.054054054054054,16.7,74,-1
