year,plant,district,region,area_type,months,days_observed,production_m3,billed_m3,nrw_m3,physical_loss_m3,commercial_loss_m3,nrw_value_rm,physical_loss_value_rm,nrw_sunk_cost_rm,billed_revenue_rm,opex_rm,energy_cost_rm,energy_kwh,pipe_bursts,complaints,supply_interruption_hr,pipe_length_km,plant_age_yr,meter_age_yr,capacity_m3_day,capacity_utilisation_pct,customer_accounts,population_served,tariff_rm_m3,cost_per_m3_rm,pressure_bar,water_quality_compliance_pct,nrw_pct_monthly_sd,nrw_pct,physical_share_pct,nrw_per_km_m3,physical_loss_per_km_m3,bursts_per_100km,account_density,nrw_per_account_m3,loss_per_connection_l_day,operating_margin_pct,asset_age_index,complete_year,annualise,nrw_m3_annualised,production_m3_annualised,billed_m3_annualised,physical_loss_m3_annualised,commercial_loss_m3_annualised,nrw_value_rm_annualised,nrw_sunk_cost_rm_annualised,billed_revenue_rm_annualised,opex_rm_annualised,pipe_bursts_annualised,pr_nrw_per_km_m3,pr_bursts_per_100km,pr_plant_age_yr,pr_account_density,lips,lips_rank,volume_rank,rate_rank,rank_gap,connections_per_km,cluster,archetype,actual_nrw_pct,expected_nrw_pct,unexplained_pp,anomaly_score,unexplained_m3,anomaly_months,worst_z,recent_z,step_shift_pp,step_p,trend_pp_yr,trend_p,trend_recent_pp_yr,volatility_pp,latest_nrw_pct,projected_nrw_pct_12m,projected_extra_m3,unexplained_signal,step_signal,deterioration_signal,trend_signal,pr_unexplained,pr_deterioration,pr_trend,criticality,criticality_rank
2025,SG BILUT,RAUB,BARAT,Pinggir Bandar,12,365,5823979,3612386,2211593,1744946,466647,2600833.368,2052056.496,515156.255,4248165.91,1354125.78,845383.78,2110968,24,248,83.39999999999999,48.0,19.0,12.6,18600.0,85.81666666666666,13783.5,57853.0,1.176,0.2325833333333333,2.1183333333333336,97.80833333333334,2.281729142292721,37.9739178317779,78.89996034532575,46074.85416666666,36353.04166666666,50.0,287.15625,160.452207349367,346.84035060780934,68.12446103358519,60.0,True,1.0,2211593.0,5823979.0,3612386.0,1744946.0,466647.0,2600833.368,515156.255,4248165.91,1354125.78,24.0,74.32432432432432,56.08108108108109,39.18918918918919,66.21621621621621,61.52,20,19,34,15,287.15625,0,Sparse network · high loss rate,37.99166666666667,35.58170754033686,2.4099591263298095,0.46901402821797045,140355.51342603157,0,2.463357556349301,1.2316787781746505,0.7833333333333314,0.4605874650800778,0.1061003861003861,0.7745220457690076,3.134265734265736,1.8570415706337136,40.7,40.80610038610039,6179.264205405405,2.4099591263298095,0.0,64.52702702702703,1.1620077220077223,68.92,90.54,98.65,84.32,1
2025,BERA KOMPLEKS,BERA,TENGAH,Luar Bandar,12,365,2174201,907318,1266883,983100,283783,1180734.956,916249.2,327091.594,845620.37,561747.03,335376.03,840595,16,97,59.0,30.0,13.0,6.2,8600.0,69.25833333333334,5111.833333333333,21246.0,0.932,0.25825,2.4066666666666667,98.08333333333331,3.0598573941815137,58.26889970154553,77.5999046478641,42229.43333333333,32770.0,53.333333333333336,170.39444444444445,247.83339310749568,526.8999362657064,33.569832287743964,35.0,True,1.0,1266883.0,2174201.0,907318.0,983100.0,283783.0,1180734.956,327091.594,845620.37,561747.03,16.0,64.86486486486487,72.97297297297297,16.216216216216218,35.13513513513514,52.7,34,35,1,-34,170.39444444444445,0,Sparse network · high loss rate,58.35,48.79773482672524,9.552265173274762,0.47984960617016276,207685.4449199916,0,1.8383179522989572,-0.2248302531588679,-0.6499999999999915,0.7066995767706871,-0.8189961389961384,0.1728269694154174,1.7370629370629382,3.052446650730452,58.3,57.481003861003856,0.0,9.552265173274762,0.0,61.14864864864865,0.23691119691119766,95.95,81.08,66.22,82.57,2
2025,KECHAU,LIPIS,BARAT,Pinggir Bandar,12,365,6508113,3724952,2783161,1647631,1135530,3350925.844,1983747.724,659041.045,4484842.22,1541047.39,867955.39,2189440,26,239,89.3,49.0,22.0,14.9,24500.0,72.77499999999999,15713.75,65520.0,1.204,0.2368333333333333,2.3191666666666664,97.80833333333334,2.2328640393409134,42.764484882177065,59.19998878972507,56799.204081632655,33625.12244897959,53.06122448979592,320.6887755102041,177.1162835096651,287.2679999520532,65.63876019700868,70.25000000000001,True,1.0,2783161.0,6508113.0,3724952.0,1647631.0,1135530.0,3350925.844,659041.045,4484842.22,1541047.39,26.0,87.83783783783784,71.62162162162163,45.27027027027027,75.67567567567568,73.45,8,13,27,14,320.6887755102041,1,Dense network · low loss rate,42.725,34.52481616426143,8.200183835738569,0.4585158987278622,533677.2302376004,0,2.3888214398129386,1.377085300598047,-0.990000000000002,0.29232414995655814,-0.8060231660231654,0.049838830636061135,1.1034965034965074,2.118748975745409,45.6,44.793976833976835,0.0,8.200183835738569,0.0,60.33783783783784,0.24988416988417073,93.24,75.68,67.57,80.27,3
2025,SG BERA (KEPAYANG),BERA,TENGAH,Luar Bandar,12,365,2387908,1012211,1375697,1077171,298526,1309663.544,1025466.792,434968.94,963624.88,754889.72,463821.72,1154185,19,115,58.4,28.0,30.0,7.7,9600.0,68.13333333333334,5757.25,23588.0,0.952,0.3165833333333333,2.3241666666666667,98.43333333333334,3.1617385896197856,57.61097161197165,78.3000180999159,49132.03571428572,38470.392857142855,67.85714285714286,205.61607142857144,238.9503669286552,512.5977549450752,21.66145398819508,64.25,True,1.0,1375697.0,2387908.0,1012211.0,1077171.0,298526.0,1309663.544,434968.94,963624.88,754889.72,19.0,77.02702702702703,95.27027027027027,66.8918918918919,50.0,75.51,6,32,3,-29,205.61607142857142,0,Sparse network · high loss rate,57.574999999999996,43.41255440758102,14.162445592418981,0.48129064261375104,338186.1712970203,0,1.7344048100826732,0.9084977576623542,-1.5666666666666629,0.26457107267252405,-0.9908880308880306,0.09606675791324941,2.9832167832167853,3.045483399364125,62.7,61.70911196911197,0.0,14.162445592418981,0.0,60.87837837837838,0.06501930501930553,98.65,78.38,56.76,80.0,4
2025,PADANG PIOL,JERANTUT,TENGAH,Pinggir Bandar,12,365,8159697,4830049,3329648,2756950,572698,4055511.264,3357965.1,816858.521,5882999.7,2001602.34,1317338.34,3278244,21,274,65.0,49.0,16.0,9.8,26900.0,83.125,18947.58333333333,80387.0,1.218,0.24525,2.2425,98.175,2.119819889433149,40.80602502764502,82.80004372834607,67952.0,56264.28571428572,42.85714285714285,386.6853741496598,175.7294289949026,398.6412165790472,65.97650106968389,48.5,True,1.0,3329648.0,8159697.0,4830049.0,2756950.0,572698.0,4055511.264,816858.521,5882999.7,2001602.34,21.0,94.5945945945946,22.2972972972973,27.027027027027028,86.48648648648648,61.79,19,8,30,22,386.68537414965976,1,Dense network · low loss rate,40.75,33.86821871769538,6.881781282304625,0.46502122261643936,561532.500838772,0,2.7479253163861332,-0.6994718987164695,-2.2733333333333334,0.04362198841443177,-0.8892664092664091,0.03850600875794739,-2.8783216783216803,2.2225624739514718,40.1,39.21073359073359,0.0,6.881781282304625,0.0,63.9864864864865,0.166640926640927,87.84,87.84,60.81,79.73,5
2025,LUBUK KAWAH,TEMERLOH,TENGAH,Luar Bandar,12,365,908527,386064,522463,406999,115464,505221.721,393568.033,148383.96,373323.9,258007.74,127694.74,319862,11,46,42.4,22.0,12.0,11.300000000000002,3700.0,67.28333333333333,2140.75,9017.0,0.967,0.2843333333333333,2.2925,97.83333333333331,3.181325719465602,57.50660134481419,77.90006182255968,23748.31818181818,18499.954545454544,50.0,97.3068181818182,244.05605512086885,520.8762132078278,30.889037642647583,46.25000000000001,True,1.0,522463.0,908527.0,386064.0,406999.0,115464.0,505221.721,148383.96,373323.9,258007.74,11.0,20.27027027027027,56.08108108108109,10.81081081081081,14.864864864864863,26.52,69,63,4,-59,97.30681818181819,0,Sparse network · high loss rate,57.59166666666667,47.0196648810182,10.572001785648467,0.4655369247808115,96049.49066309845,0,1.5991958329525704,0.9029473070412476,-0.873333333333342,0.5446224821768798,-0.6267181467181465,0.36425777189417724,-0.06293706293706115,3.482637711864208,61.9,61.27328185328185,0.0,10.572001785648467,0.0,52.770270270270274,0.4291891891891896,97.3,56.08,75.68,78.45,6
2025,TERLA,CAMERON HIGHLANDS,BARAT,Luar Bandar,12,365,1891016,938226,952790,723168,229622,921347.93,699303.456,295606.746,907264.56,587075.39,393666.39,989687,15,99,48.6,27.0,16.0,10.2,6400.0,80.95,4369.666666666667,18379.0,0.967,0.3105,2.6675,98.8,2.4216667188053966,50.38508399717401,75.90004093241951,35288.51851851852,26784.0,55.55555555555556,161.83950617283952,218.04638034937827,453.41723818311584,35.291709179073415,49.5,True,1.0,952790.0,1891016.0,938226.0,723168.0,229622.0,921347.93,295606.746,907264.56,587075.39,15.0,45.94594594594595,83.1081081081081,27.027027027027028,31.08108108108108,49.22,42,43,12,-31,161.83950617283952,0,Sparse network · high loss rate,50.40833333333333,43.35202529235528,7.0563080409780525,0.4567376297992307,133435.91406418153,0,1.7199514366653184,-0.8768379873195743,-0.9833333333333485,0.5042110874215223,-0.5993822393822398,0.2482465958610977,-3.738461538461543,2.627188975612575,48.4,47.80061776061776,0.0,7.0563080409780525,0.0,53.310810810810814,0.4565250965250963,89.19,59.46,78.38,77.03,7
2025,KARAK INDAH,BENTONG,BARAT,Luar Bandar,12,365,510716,215301,295415,186702,108713,290983.775,183901.47,98416.365,212071.52,170144.78,69190.78,173754,16,47,55.6,20.0,31.0,11.699999999999998,2100.0,66.63333333333334,1219.75,5109.0,0.985,0.3338333333333333,2.4475,98.04166666666669,2.413158373031769,57.843302344159966,63.19990521808304,14770.75,9335.1,80.0,60.9875,242.1930723508916,419.3583347137719,19.77009454169046,75.74999999999999,True,1.0,295415.0,510716.0,215301.0,186702.0,108713.0,290983.775,98416.365,212071.52,170144.78,16.0,9.45945945945946,100.0,73.64864864864865,2.702702702702702,43.92,51,69,2,-67,60.9875,0,Sparse network · high loss rate,57.78333333333333,42.29887156196758,15.484461771365757,0.5405629285224949,79081.62378024834,0,1.6923586328685494,-0.44148486074831617,-1.5333333333333314,0.10521766228890016,-1.45976833976834,0.023089004916743424,1.1076923076923095,3.344601325224182,56.7,55.240231660231665,0.0,15.484461771365757,0.0,64.12162162162163,0.0,100.0,89.19,25.68,74.46,8
2025,GANCHONG,PEKAN,PANTAI TIMUR,Luar Bandar,12,365,607322,299765,307557,225131,82426,286950.68100000004,210047.223,118661.757,279680.74,234009.03,134153.03,335401,10,36,32.5,20.0,28.0,7.2,2600.0,63.975,1411.25,6009.0,0.9330000000000002,0.3848333333333333,2.5191666666666666,97.80833333333334,2.101280273518692,50.64150483598486,73.1997645964813,15377.85,11256.55,50.0,70.5625,217.93232949512844,437.0574032056493,16.32994463615907,60.0,True,1.0,307557.0,607322.0,299765.0,225131.0,82426.0,286950.68100000004,118661.757,279680.74,234009.03,10.0,10.81081081081081,56.08108108108109,60.13513513513513,8.108108108108109,31.59,64,68,9,-59,70.5625,0,Sparse network · high loss rate,50.65833333333333,41.82421616562346,8.834117167709877,0.49018515896877846,53651.537065278986,0,2.323245949308277,-1.1616229746541384,-0.39333333333333087,0.7239842299616175,-1.2698069498069495,0.01752071099575514,0.415384615384612,2.792212495008922,47.9,46.63019305019305,0.0,8.834117167709877,0.0,67.77027027027027,0.0,94.59,94.59,25.68,73.92,9
2025,JENDERAK KG,TEMERLOH,TENGAH,Pinggir Bandar,12,365,2533160,1606754,926406,755946,170460,1083895.02,884456.82,296571.612,1879902.18,811286.98,539260.98,1364955,14,112,49.5,30.0,18.0,5.1,7800.0,88.97500000000001,5946.25,25107.0,1.17,0.3200833333333333,2.495,98.20833333333331,2.313776265342137,36.57116013200904,81.59986010453301,30880.2,25198.2,46.66666666666666,198.20833333333331,155.7966785789363,348.3010185422492,56.844191754700766,39.75,True,1.0,926406.0,2533160.0,1606754.0,755946.0,170460.0,1083895.02,296571.612,1879902.18,811286.98,14.0,35.13513513513514,35.13513513513514,36.48648648648648,45.94594594594595,37.03,55,46,41,-5,198.20833333333334,0,Sparse network · high loss rate,36.59166666666667,33.253036611296146,3.338630055370526,0.48004951526723777,84572.84111062402,0,1.6318324826046648,-0.5439441608682216,-1.5133333333333354,0.1668756340775245,-0.6681081081081085,0.10634275708877018,0.44895104895104937,2.1136826443408334,36.1,35.431891891891894,0.0,3.338630055370526,0.0,57.5,0.3877992277992276,77.03,64.86,71.62,71.76,10
2025,LEPAR,PEKAN,PANTAI TIMUR,Pinggir Bandar,12,365,3522191,2340766,1181425,854171,327254,1441338.5,1042088.62,335340.91000000003,2855734.52,1000167.39,667947.39,1672398,17,142,53.0,35.0,39.0,9.2,12300.0,78.40833333333333,8331.25,34842.0,1.22,0.2838333333333333,2.480833333333333,98.4,1.8186533479473217,33.54233203139751,72.30006136657003,33755.0,24404.88571428572,48.57142857142857,238.03571428571428,141.80645161290323,280.89356585721777,64.97687782266259,81.5,True,1.0,1181425.0,3522191.0,2340766.0,854171.0,327254.0,1441338.5,335340.91000000003,2855734.52,1000167.39,17.0,43.24324324324324,47.2972972972973,96.62162162162164,54.054054054054056,56.55,27,37,54,17,238.03571428571428,1,Dense network · low loss rate,33.525,30.05625469949361,3.468745300506388,0.4347955750862012,122175.83478735895,0,2.416925221457792,0.44966050631772747,-0.47666666666665947,0.5744097595426221,-0.4480308880308881,0.2059814564873101,1.4055944055944036,1.7964191920540835,34.9,34.45196911196911,0.0,3.468745300506388,0.0,47.63513513513514,0.607876447876448,78.38,45.27,86.49,70.88,11
2025,SEKOR,PEKAN,PANTAI TIMUR,Luar Bandar,12,365,1486534,736165,750369,580035,170334,732360.144,566114.16,236084.28,718497.04,467349.65,270059.65,676729,17,82,50.8,25.0,24.0,9.4,5700.0,71.425,3559.333333333333,14888.0,0.976,0.3149166666666667,2.343636363636364,98.4,2.834353648728506,50.47775563828342,77.29996841553955,30014.76,23201.4,68.0,142.3733333333333,210.81728788162576,446.4704025945037,34.95454762068331,59.5,True,1.0,750369.0,1486534.0,736165.0,580035.0,170334.0,732360.144,236084.28,718497.04,467349.65,17.0,29.72972972972973,97.2972972972973,50.67567567567568,24.324324324324326,50.0,39,55,11,-44,142.37333333333333,0,Sparse network · high loss rate,50.49166666666667,44.73966065536731,5.752006011299358,0.45091428656942023,85505.5250400088,0,1.5141629294372552,-0.7708465822589674,-1.7299999999999898,0.20207814146389208,-0.25498069498069614,0.6302740193997539,-2.3874125874125878,2.6589863356800714,48.3,48.0450193050193,0.0,5.752006011299358,0.0,44.12162162162162,0.80092664092664,83.78,31.08,93.24,70.81,12
2025,SG KLOI,RAUB,BARAT,Luar Bandar,12,365,1895399,909502,985897,809423,176474,1000685.4549999998,821564.345,301800.308,923144.56,580439.65,395473.65,990243,12,76,37.9,25.0,12.0,9.0,6200.0,83.74166666666666,4503.5,18871.0,1.015,0.3065,2.265,98.31666666666666,2.1468087662360347,52.015274884074536,82.10015853583083,39435.88,32376.92,48.0,180.14,218.91795270345287,492.41640063816425,37.12364507677975,40.5,True,1.0,985897.0,1895399.0,909502.0,809423.0,176474.0,1000685.4549999998,301800.308,923144.56,580439.65,12.0,56.75675675675676,44.5945945945946,10.81081081081081,39.18918918918919,41.89,52,41,7,-34,180.14,0,Sparse network · high loss rate,52.01666666666667,49.77712748773754,2.239539178929133,0.4670810556783907,42448.203202031,0,2.216183923994527,0.790117746815439,-1.0233333333333405,0.4058109873909646,-0.9175289575289574,0.08172126475147215,1.7370629370629378,2.7011814401923293,55.0,54.08247104247104,0.0,2.239539178929133,0.0,62.63513513513514,0.13837837837837874,66.22,85.14,58.11,69.46,13
2025,KUALA MEDANG,LIPIS,BARAT,Luar Bandar,12,365,2457733,1079578,1378155,844809,533346,1411230.72,865084.416,402272.79,1105487.87,717272.25,440422.25,1102869,19,124,69.9,28.0,11.0,7.5,9600.0,70.125,5676.166666666667,24114.0,1.024,0.2919166666666666,2.275,97.55833333333334,2.2755618686781105,56.07423589136818,61.29999891158832,49219.82142857143,30171.75,67.85714285714286,202.7202380952381,242.7967818656957,407.7655469617615,35.11713068366821,35.25,True,1.0,1378155.0,2457733.0,1079578.0,844809.0,533346.0,1411230.72,402272.79,1105487.87,717272.25,19.0,78.37837837837837,95.27027027027027,4.72972972972973,48.64864864864865,63.41,17,30,6,-24,202.7202380952381,0,Sparse network · high loss rate,56.1,52.11705449603028,3.9829455039697232,0.47397030689084363,97890.1660230802,0,3.491481578467074,-0.1587037081121392,-3.163333333333341,0.012263112891330636,-2.0569884169884167,0.0020244229106900435,-0.30209790209790427,3.5798680488131924,56.9,54.84301158301158,0.0,3.9829455039697232,0.0,68.17567567567568,0.0,79.73,95.95,25.68,68.38,14
2025,BRINCHANG,CAMERON HIGHLANDS,BARAT,Pinggir Bandar,12,365,7782060,5507680,2274380,1603437,670943,2661024.6,1876021.29,555414.53,6443985.6,1897346.79,1091778.79,2747911,29,346,102.4,56.0,39.0,16.0,30000.0,71.09166666666667,18330.0,76629.0,1.17,0.244,2.5500000000000003,98.39166666666668,1.3224174374182602,29.225937605209936,70.4999604287762,40613.92857142857,28632.80357142857,51.78571428571429,327.32142857142856,124.0796508456083,239.6605609488151,70.55631548897315,98.5,True,1.0,2274380.0,7782060.0,5507680.0,1603437.0,670943.0,2661024.6,555414.53,6443985.6,1897346.79,29.0,59.45945945945946,64.86486486486487,96.62162162162164,78.37837837837837,71.08,10,18,69,51,327.32142857142856,1,Dense network · low loss rate,29.21666666666667,23.36250797211439,5.854158694552275,0.46430968081191143,455574.1421052748,0,2.6393116675171067,-0.058651370389269875,-1.7166666666666721,0.04514550127933968,-1.0843243243243246,0.0018078829676621028,-0.4699300699300706,1.8696136624751063,30.1,29.015675675675677,0.0,5.854158694552275,0.0,63.31081081081081,0.0,85.14,86.49,25.68,67.7,15
2025,PEKAN TAJAU,MARAN,TENGAH,Pinggir Bandar,12,365,3675732,2323944,1351788,1080080,271708,1524816.8639999998,1218330.24,361215.511,2621408.84,982761.64,677057.64,1700687,15,165,46.3,31.0,35.0,11.800000000000002,12700.0,79.3,8851.5,36613.0,1.128,0.2674166666666667,2.373333333333333,98.28333333333336,1.4871163880191596,36.77602175566663,79.90010267882242,43606.06451612903,34841.290322580644,48.38709677419355,285.53225806451616,152.71852228435858,334.3075509994049,62.51017296485502,82.0,True,1.0,1351788.0,3675732.0,2323944.0,1080080.0,271708.0,1524816.8639999998,361215.511,2621408.84,982761.64,15.0,67.56756756756756,45.94594594594595,85.13513513513513,64.86486486486487,65.27,14,33,40,7,285.53225806451616,1,Dense network · low loss rate,36.766666666666666,34.27069021604892,2.495976450617748,0.41871686049914597,91745.40510782077,1,3.995060652284408,-0.3631873320258499,-0.8200000000000003,0.31430494892130323,-0.2773745173745178,0.3944942798435853,-1.0405594405594425,1.6411378166788224,37.0,36.72262548262548,0.0,2.495976450617748,0.0,46.148648648648646,0.7785328185328183,71.62,37.84,91.89,67.57,16
2025,TRIANG,BERA,TENGAH,Bandar,12,365,72885898,48910798,23975100,15200214,8774886,30184650.9,19137069.426,5879020.438,61578694.69,17882236.74,10986825.74,27395371,112,2702,306.7,294.0,10.0,6.2,249600.0,80.0,170282.66666666666,718555.0,1.259,0.2454999999999999,2.374166666666667,97.925,1.712432259222024,32.894017440794926,63.40000250259644,81547.95918367348,51701.4081632653,38.095238095238095,579.1927437641723,140.7958923202205,244.5605459029392,70.96035109217091,30.500000000000004,True,1.0,23975100.0,72885898.0,48910798.0,15200214.0,8774886.0,30184650.9,5879020.438,61578694.69,17882236.74,112.0,100.0,10.81081081081081,2.027027027027027,98.64864864864865,57.91,25,1,59,58,579.1927437641723,1,Dense network · low loss rate,32.88333333333333,30.423172207142745,2.460161126190587,0.49797420893445454,1793110.5290709226,0,1.6663889351774626,-0.5554629783924904,-0.7866666666666688,0.393322713715577,-1.0270270270270276,0.007768932733020455,-0.2517482517482541,2.036579073099705,32.0,30.972972972972972,0.0,2.460161126190587,0.0,60.74324324324324,0.02888030888030846,70.27,77.03,54.05,67.43,17
2025,RUNCHANG,PEKAN,PANTAI TIMUR,Pinggir Bandar,12,365,3709182,2178599,1530583,844883,685700,1763231.616,973305.216,471153.452,2509746.05,1141063.68,818657.6799999999,2040461,16,152,60.0,34.0,12.0,15.9,13000.0,78.14999999999999,8668.666666666666,36293.0,1.152,0.30775,2.5658333333333334,98.48333333333332,2.631971262622892,41.264704724653576,55.20007735614468,45017.14705882353,24849.5,47.05882352941176,254.96078431372547,176.56498500346075,267.0246802897961,54.5346956517772,57.75,True,1.0,1530583.0,3709182.0,2178599.0,844883.0,685700.0,1763231.616,471153.452,2509746.05,1141063.68,16.0,70.27027027027027,36.48648648648648,10.81081081081081,58.108108108108105,48.11,43,27,29,2,254.96078431372547,1,Dense network · low loss rate,41.300000000000004,35.77536648865524,5.524633511344763,0.448598299605409,204918.71176876788,0,1.7039766555198192,0.7809893004465815,-1.3866666666666632,0.3230178279717281,-0.8237837837837831,0.10622013833830614,1.9804195804195788,2.605312710786875,44.8,43.976216216216216,0.0,5.524633511344763,0.0,46.95945945945946,0.23212355212355296,82.43,43.24,64.86,65.41,18
2025,BUKIT UBI,KUANTAN,PANTAI TIMUR,Bandar,12,365,53203096,37643408,15559688,9724807,5834883,21223414.432,13264636.748000002,4438115.724,51345608.51,15169496.22,11264184.22,28265482,110,2004,374.9,238.0,37.0,15.9,178300.0,81.74166666666666,123414.83333333331,521400.0,1.364,0.2855,2.8181818181818183,97.80833333333334,1.435481125130547,29.24583185910835,62.50001285372817,65376.84033613445,40860.533613445376,46.21848739495798,518.5497198879551,126.07631983729672,215.8841537090901,70.45609807692588,95.25,True,1.0,15559688.0,53203096.0,37643408.0,9724807.0,5834883.0,21223414.432,4438115.724,51345608.51,15169496.22,110.0,93.24324324324324,33.78378378378378,89.86486486486487,95.94594594594594,78.11,4,6,68,62,518.5497198879551,1,Dense network · low loss rate,29.233333333333334,29.59028851650176,-0.3569551831684293,0.5367562514674112,-189911.20877807526,0,1.881474223803131,-1.881474223803131,-0.726666666666663,0.4024015950750248,-0.4611583011583014,0.09759394501779559,0.050349650349651665,1.4235995934493437,27.5,27.038841698841697,0.0,0.0,0.0,66.82432432432432,0.5947490347490347,29.73,93.24,83.78,65.0,19
2025,ULU SUNGAI,RAUB,BARAT,Luar Bandar,12,365,1975550,855623,1119927,643958,475969,1108727.73,637518.42,360549.017,847066.77,636059.85,438235.85,1106941,17,100,62.8,26.0,32.0,12.199999999999998,7400.0,73.14999999999999,4763.083333333333,19695.0,0.99,0.32225,2.330833333333333,97.875,3.1961506203367187,56.68937764166942,57.49999776771164,43074.11538461538,24767.615384615383,65.38461538461539,183.1955128205128,235.1264761971412,370.40470839631575,24.910305476863417,78.49999999999999,True,1.0,1119927.0,1975550.0,855623.0,643958.0,475969.0,1108727.73,360549.017,847066.77,636059.85,17.0,66.21621621621621,93.24324324324324,78.37837837837837,40.54054054054054,71.55,9,39,5,-34,183.19551282051282,0,Sparse network · high loss rate,56.69166666666666,48.851983696887466,7.839682969779202,0.49901809655072277,154876.85690947302,0,1.5435461611099004,-1.5435461611099004,-4.719999999999999,4.2810406188324815e-05,-1.8511196911196914,0.0029274541647464573,-5.299300699300701,3.326117189089338,53.5,51.64888030888031,0.0,7.839682969779202,0.0,58.31081081081081,0.0,91.89,68.24,25.68,64.93,20
2025,SG SEMANTAN,RAUB,BARAT,Pinggir Bandar,12,365,7076835,3973979,3102856,2522622,580234,3658267.224,2974171.338,800646.4750000001,4685321.25,1825472.05,1169797.05,2946842,28,324,98.9,52.0,12.0,10.0,29800.0,65.05833333333334,16930.583333333332,70086.0,1.179,0.258,2.498333333333333,98.53333333333336,2.75267087929105,43.845250030557445,81.30000232044284,59670.307692307695,48511.96153846154,53.84615384615385,325.588141025641,183.26929078049093,408.2135278279405,61.038486955403535,43.0,True,1.0,3102856.0,7076835.0,3973979.0,2522622.0,580234.0,3658267.224,800646.4750000001,4685321.25,1825472.05,28.0,90.54054054054052,75.67567567567568,10.81081081081081,77.02702702702703,68.85,12,11,21,10,325.588141025641,1,Dense network · low loss rate,43.84166666666667,41.30506556278177,2.5366011038849003,0.44872903270219444,179511.074730113,0,1.3796401898384907,0.5518560759353954,-0.4066666666666592,0.7370485759711553,-0.1575289575289577,0.7372538716646245,1.0447552447552448,2.3547954748544644,46.4,46.24247104247104,0.0,2.5366011038849003,0.0,40.33783783783784,0.8983783783783784,72.97,18.92,97.3,64.05,21
2025,CHINI,PEKAN,PANTAI TIMUR,Luar Bandar,12,365,901999,514157,387842,272264,115578,374655.372,263007.024,136563.641,496675.65,317566.44,184118.44,462017,11,45,44.9,22.0,31.0,11.1,2900.0,85.22500000000001,2125.6666666666665,8936.0,0.966,0.353,2.575,98.45,1.4164349186559466,42.99805210427062,70.19972050474162,17629.18181818182,12375.636363636364,50.0,96.62121212121212,182.45664105378705,350.9152111290361,36.061604791779104,74.25,True,1.0,387842.0,901999.0,514157.0,272264.0,115578.0,374655.372,136563.641,496675.65,317566.44,11.0,13.513513513513514,56.08108108108109,73.64864864864865,13.513513513513514,36.18,56,65,26,-39,96.62121212121211,0,Sparse network · high loss rate,43.00833333333333,40.9770464161605,2.0312869171728347,0.46205331367290153,18322.187680029798,0,1.8190811391944566,-0.22483025315886412,-2.806666666666672,0.0011020680544509246,-1.0189961389961384,0.010357614053308869,-1.6405594405594388,2.0903585255721326,43.7,42.681003861003866,0.0,2.0312869171728347,0.0,56.01351351351351,0.03691119691119771,64.86,63.51,55.41,61.62,22
2025,SG JELAI,LIPIS,BARAT,Bandar,12,365,72022750,50384003,21638747,18025075,3613672,29558528.402000003,24622252.450000003,4367456.808,68824548.1,14540331.39,9825521.39,24594896,146,2641,473.1,298.0,31.0,10.800000000000002,268300.0,73.51666666666667,169819.0,709295.0,1.3660000000000003,0.2019999999999999,2.4791666666666665,98.275,1.8705047123137324,30.04432210655661,83.29999421870407,72613.24496644296,60486.828859060406,48.99328859060403,569.8624161073825,127.42241445303527,290.8023667745521,78.87333547199854,73.50000000000001,True,1.0,21638747.0,72022750.0,50384003.0,18025075.0,3613672.0,29558528.402000003,4367456.808,68824548.1,14540331.39,146.0,97.2972972972973,50.0,73.64864864864865,97.2972972972973,80.74,3,2,66,64,569.8624161073825,1,Dense network · low loss rate,30.066666666666666,29.792075155697418,0.27459151096924916,0.5259575533454285,197768.35746660488,0,1.9993833227341944,-1.1321809176928581,-2.6433333333333344,0.0002465918247356069,-1.1167567567567565,0.0006964835089470448,-4.598601398601399,1.7939950417647599,28.0,26.883243243243243,0.0,0.27459151096924916,0.0,68.85135135135135,0.0,60.81,97.3,25.68,61.22,23
2025,SELENDANG,ROMPIN,PANTAI TIMUR,Luar Bandar,12,365,1881768,949904,931864,668146,263718,922545.36,661464.54,249011.322,940404.96,502338.42,261990.42,660837,15,89,44.9,26.0,16.0,8.5,7700.0,66.96666666666667,4466.833333333333,18716.0,0.99,0.2670833333333333,2.315,98.39166666666668,2.78517449537672,49.52066354619698,71.69994763184327,35840.92307692308,25697.92307692308,57.692307692307686,171.80128205128204,208.61848438491103,409.8064220666475,46.58275515688475,45.25,True,1.0,931864.0,1881768.0,949904.0,668146.0,263718.0,922545.36,249011.322,940404.96,502338.42,15.0,48.64864864864865,86.48648648648648,27.027027027027028,36.48648648648648,51.96,36,45,14,-31,171.80128205128204,0,Sparse network · high loss rate,49.49166666666667,48.8549123300834,0.6367543365832672,0.4541114320659581,11982.239344436215,0,1.5176042088223374,0.6744907594765942,-1.289999999999992,0.33301330079256475,-0.5011583011583013,0.33528198639364165,-0.08811188811188966,2.6243914638551082,52.1,51.5988416988417,0.0,0.6367543365832672,0.0,46.013513513513516,0.5547490347490348,62.16,36.49,81.08,60.14,24
2025,BUKIT FRASER,RAUB,BARAT,Luar Bandar,12,365,1542573,748032,794541,649934,144607,787390.131,644084.594,219395.117,741299.72,425957.1,219589.1,551241,16,75,53.6,26.0,30.0,14.1,5300.0,79.71666666666667,3703.0833333333335,15274.0,0.991,0.2766666666666666,2.35,97.78333333333336,2.4940383462824456,51.507513744892464,81.7999322879499,30559.26923076923,24997.46153846154,61.53846153846154,142.42628205128204,214.56200913653035,480.85363887492247,42.53915271949651,80.25,True,1.0,794541.0,1542573.0,748032.0,649934.0,144607.0,787390.131,219395.117,741299.72,425957.1,16.0,31.08108108108108,90.54054054054052,66.8918918918919,25.675675675675677,52.3,35,51,8,-43,142.42628205128204,0,Sparse network · high loss rate,51.475,43.93543264008591,7.53956735991409,0.4678567754421929,116303.33041084757,0,1.2945871028663667,-0.6418541098245022,-2.4166666666666785,0.09183196501115284,-1.8203861003861017,0.0021703803266345067,0.07132867132867025,3.186646278797325,50.5,48.6796138996139,0.0,7.53956735991409,0.0,47.9054054054054,0.0,90.54,47.3,25.68,58.11,25
2025,JANDA BAIK,BENTONG,BARAT,Pinggir Bandar,12,365,7694291,5102328,2591963,1884357,707606,3022228.858,2197160.262,544596.6209999999,5949314.45,1615954.47,985954.47,2455755,17,308,48.0,47.0,11.0,15.300000000000002,24100.0,87.47500000000001,18010.0,75856.0,1.166,0.21,2.585,98.35833333333332,1.9369415128605263,33.686833523712586,72.69999610333943,55148.14893617021,40092.70212765958,36.17021276595745,383.1914893617021,143.91799000555247,286.6530770576468,72.83797177673137,54.75000000000001,True,1.0,2591963.0,7694291.0,5102328.0,1884357.0,707606.0,3022228.858,544596.6209999999,5949314.45,1615954.47,17.0,83.78378378378379,2.702702702702702,4.72972972972973,85.13513513513513,47.91,44,16,53,37,383.1914893617021,1,Dense network · low loss rate,33.65833333333333,35.076648123227386,-1.4183147898940518,0.4959068994813926,-109129.26723048693,0,1.8885741265344647,-1.8885741265344647,-1.586666666666659,0.12584325253217066,-0.8552895752895755,0.03227719105473401,-0.38181818181817917,2.070776975907984,31.1,30.244710424710426,0.0,0.0,0.0,64.66216216216216,0.2006177606177606,29.73,91.89,62.16,58.11,26
2025,KERTAU,MARAN,TENGAH,Pinggir Bandar,12,365,5788030,3678866,2109164,1556563,552601,2585835.064,1908346.238,464063.053,4510289.7,1274687.54,876273.54,2194925,19,232,63.0,44.0,21.0,10.2,19700.0,80.45,13718.25,57078.0,1.226,0.2202499999999999,2.787,98.175,2.2260169620089405,36.44010138164453,73.7999984828112,47935.545454545456,35376.431818181816,43.18181818181818,311.77840909090907,153.7487653308549,310.86736022332013,71.73823357732432,57.00000000000001,True,1.0,2109164.0,5788030.0,3678866.0,1556563.0,552601.0,2585835.064,464063.053,4510289.7,1274687.54,19.0,75.67567567567568,25.675675675675677,41.891891891891895,74.32432432432432,56.22,28,20,42,22,311.77840909090907,1,Dense network · low loss rate,36.46666666666667,33.63764484927686,2.829021817389803,0.432682044759266,163744.63149706702,0,1.5859647587692938,-0.12760635990097813,-0.9966666666666697,0.35568979865533223,-0.522779922779922,0.22775924995782973,0.587412587412588,2.1955113440217953,37.6,37.077220077220076,0.0,2.829021817389803,0.0,36.013513513513516,0.5331274131274141,74.32,12.16,79.73,57.3,27
2025,SG TEKAM UTARA,JERANTUT,TENGAH,Luar Bandar,12,365,1287939,723083,564856,477869,86987,575588.264,486948.511,169479.959,736821.6,386742.01,200110.01,503865,15,65,50.0,24.0,27.0,12.699999999999998,4600.0,76.7,2903.25,12528.0,1.019,0.3003333333333333,2.3625,98.2,1.882676206087944,43.85735659841033,84.60014587788747,23535.666666666668,19911.20833333333,62.5,120.96875,194.5598897786963,450.9532892400935,47.51212369452795,72.24999999999999,True,1.0,564856.0,1287939.0,723083.0,477869.0,86987.0,575588.264,169479.959,736821.6,386742.01,15.0,18.91891891891892,91.8918918918919,58.108108108108105,18.91891891891892,45.0,50,60,20,-40,120.96875,0,Sparse network · high loss rate,43.89166666666667,46.77735037385034,-2.885683707183668,0.4572704449722362,-37165.84588146426,0,1.5671991176073787,0.813356504074718,0.086666666666666,0.9324323888480437,0.11583011583011604,0.7809410732751312,-1.0027972027971983,2.0882977887075853,45.6,45.715830115830116,1491.8212355212383,0.0,0.0,49.12162162162162,1.1717374517374521,29.73,50.0,100.0,56.89,28
2025,LEPAR UTARA,JERANTUT,TENGAH,Luar Bandar,12,365,2212091,1310015,902076,682872,219204,890349.012,673994.664,213706.911,1292984.82,523651.07,313239.07,783073,15,102,49.6,27.0,31.0,11.9,7500.0,80.81666666666666,5157.583333333333,21991.0,0.987,0.237,2.4966666666666666,98.36666666666667,1.9463057469488323,40.77933502735647,75.70005188032938,33410.22222222222,25291.555555555555,55.55555555555556,191.0216049382716,174.90284532484532,362.74395794816473,59.500601870948486,76.25,True,1.0,902076.0,2212091.0,1310015.0,682872.0,219204.0,890349.012,213706.911,1292984.82,523651.07,15.0,41.891891891891895,83.1081081081081,73.64864864864865,44.5945945945946,58.95,23,47,31,-16,191.0216049382716,0,Sparse network · high loss rate,40.80833333333333,45.68322168733309,-4.874888353999753,0.4396335161731852,-107836.96653887669,0,2.950897072710102,0.028103781644860545,0.6200000000000045,0.4500782073218696,-0.22826254826254827,0.6124685522508817,1.0111888111888097,2.262311993416371,41.4,41.17173745173745,0.0,0.0,0.0,51.68918918918919,0.8276447876447879,29.73,54.05,95.95,56.89,29
2025,BATU MALIM,RAUB,BARAT,Pinggir Bandar,12,365,4628557,3224034,1404523,1181204,223319,1709304.4910000002,1437525.2680000002,323665.658,3923649.38,1066557.81,745612.81,1870966,20,190,62.7,39.0,35.0,13.4,14600.0,86.86666666666667,11084.75,45733.0,1.217,0.2305,2.410833333333333,98.36666666666667,1.6599561878117588,30.344727309180808,84.10001117817222,36013.41025641026,30287.28205128205,51.28205128205128,284.2243589743589,126.70768398024312,291.9484284684592,72.81719881912588,86.00000000000001,True,1.0,1404523.0,4628557.0,3224034.0,1181204.0,223319.0,1709304.4910000002,323665.658,3923649.38,1066557.81,20.0,50.0,62.16216216216216,85.13513513513513,63.51351351351351,62.09,18,29,63,34,284.22435897435895,1,Dense network · low loss rate,30.349999999999998,32.17265656031112,-1.8226565603111216,0.4721078500195743,-84362.69780823962,0,1.5350479353605264,0.7907822697311823,-0.23999999999999844,0.7650747715748659,-0.4225482625482624,0.1959233145571272,1.8293706293706298,1.6577260194481944,32.6,32.17745173745174,0.0,0.0,0.0,52.9054054054054,0.6333590733590737,29.73,58.11,87.84,55.68,30
2025,SEPAYANG,ROMPIN,PANTAI TIMUR,Luar Bandar,12,365,1608286,1016674,591612,476840,114773,591020.388,476363.16,147446.817,1015657.34,400571.56,205331.56,516935,11,73,41.1,27.0,26.0,16.0,5300.0,83.14999999999999,3737.6666666666665,15724.0,0.999,0.2494166666666666,2.4041666666666663,98.56666666666666,1.3800252522942105,36.78524839487504,80.60012305362298,21911.555555555555,17660.74074074074,40.74074074074074,138.4320987654321,158.2837777579595,349.5258072516123,60.56036379356053,79.0,True,1.0,591612.0,1608286.0,1016674.0,476840.0,114773.0,591020.388,147446.817,1015657.34,400571.56,11.0,17.56756756756757,16.216216216216218,56.08108108108109,20.27027027027027,25.34,70,59,39,-20,138.4320987654321,0,Sparse network · high loss rate,36.791666666666664,40.00602494616688,-3.214358279500219,0.4528543430497926,-51696.07419904289,0,3.3111364556123712,-1.7168855695767882,-1.6533333333333289,0.04818223709745644,-0.837683397683398,0.043227187550103054,-1.9846153846153856,2.140194406769028,34.3,33.4623166023166,0.0,0.0,0.0,61.013513513513516,0.21822393822393815,29.73,79.73,63.51,54.86,31
2025,BENTONG (FASA 2),BENTONG,BARAT,Bandar,12,365,39906231,26581141,13325090,8075005,5250085,17389242.45,10537881.525,2866991.685,34688389.03,8578281.68,6201642.68,15554387,112,1491,388.9,193.0,40.0,8.6,159300.0,68.64166666666667,93382.75,396425.0,1.305,0.2151666666666666,2.3372727272727274,98.21666666666664,1.601703638459546,33.391001019364616,60.600003452134274,69041.9170984456,41839.40414507772,58.03108808290155,483.8484455958549,142.6932704380627,236.90993646966933,75.27045239091059,81.5,True,1.0,13325090.0,39906231.0,26581141.0,8075005.0,5250085.0,17389242.45,2866991.685,34688389.03,8578281.68,112.0,95.94594594594594,87.83783783783784,100.0,94.5945945945946,94.53,1,7,57,50,483.8484455958549,1,Dense network · low loss rate,33.4,31.608534526648242,1.7914654733517599,0.4988697978853455,714906.3500809968,0,1.5386820450559795,-0.6534129232429499,-2.3133333333333326,0.0005153693449835486,-1.4912741312741313,5.2238832576610665e-05,-1.5524475524475547,2.0772503786983574,33.3,31.808725868725865,0.0,1.7914654733517599,0.0,57.63513513513514,0.0,63.51,66.22,25.68,52.97,32
2025,BATU EMBUN,JERANTUT,TENGAH,Luar Bandar,12,365,1604438,825304,779134,652136,126998,760434.784,636484.736,234304.309,805496.72,482219.23,322252.23,811300,17,81,54.4,24.0,39.0,12.5,6200.0,70.875,3771.5833333333335,15899.0,0.976,0.3004166666666666,2.590909090909091,98.04166666666669,2.663843202228802,48.561178431326105,83.70010806870192,32463.916666666668,27172.33333333333,70.83333333333334,157.14930555555557,206.5800835193,473.719871654983,40.1339300301558,89.75,True,1.0,779134.0,1604438.0,825304.0,652136.0,126998.0,760434.784,234304.309,805496.72,482219.23,17.0,37.83783783783784,98.64864864864865,96.62162162162164,29.72972972972973,63.58,16,52,15,-37,157.14930555555557,0,Sparse network · high loss rate,48.61666666666667,48.86848182497423,-0.2518151583075685,0.4505714106520821,-4040.218089646786,0,2.007021284296213,-0.5264318122744169,-1.8733333333333206,0.25878372638863534,-0.6403088803088807,0.238848330563394,-1.0657342657342648,2.752283002962279,48.6,47.95969111969112,0.0,0.0,0.0,55.33783783783784,0.41559845559845543,29.73,62.16,74.32,52.84,33
2025,SG KLAU,RAUB,BARAT,Luar Bandar,12,365,528586,286442,242144,138748,103396,247713.312,141939.204,86688.28199999999,293030.18,188780.49,103323.49,260759,10,39,35.6,20.0,12.0,6.400000000000001,1800.0,80.39166666666667,1238.6666666666667,5265.0,1.023,0.3587499999999999,2.535,98.15,2.60116524005312,45.8097641632582,57.29978855557024,12107.2,6937.4,50.0,61.93333333333334,195.4876210979548,306.8876535381984,35.576434481936296,34.0,True,1.0,242144.0,528586.0,286442.0,138748.0,103396.0,247713.312,86688.28199999999,293030.18,188780.49,10.0,4.054054054054054,56.08108108108109,10.81081081081081,4.054054054054054,18.41,73,72,17,-55,61.93333333333334,0,Sparse network · high loss rate,45.93333333333334,45.6705462881523,0.2627870451810323,0.4876396076458451,1389.0555306406116,0,1.6242838697599573,0.11012094032270679,-1.5633333333333397,0.2158258186112868,-1.7190733590733593,0.0029702118075639133,2.9790209790209743,3.0928968302336135,47.8,46.080926640926634,0.0,0.2627870451810323,0.0,58.44594594594594,0.0,59.46,70.27,25.68,52.57,34
2025,PANCHING,KUANTAN,PANTAI TIMUR,Bandar,12,365,60406812,44044545,16362267,12533497,3828770,22432668.057,17183424.387,3938197.715,60385071.21,14527847.78,10064630.78,25266352,84,2285,263.2,224.0,30.0,5.3,213700.0,77.43333333333334,144666.0,601235.0,1.3709999999999998,0.2400833333333333,2.703333333333333,98.325,1.3406240066747743,27.08679113872125,76.60000292135558,73045.83482142857,55953.111607142855,37.5,645.8303571428571,113.10374932603376,237.36294599425904,75.94132541555382,58.25,True,1.0,16362267.0,60406812.0,44044545.0,12533497.0,3828770.0,22432668.057,3938197.715,60385071.21,14527847.78,84.0,98.64864864864865,8.783783783783784,66.8918918918919,100.0,70.03,11,5,72,67,645.8303571428571,1,Dense network · low loss rate,27.05,28.56710664049963,-1.51710664049963,0.4996548844409399,-916435.7561661274,0,1.6637438733756027,-0.8993210126354603,-0.9000000000000021,0.24770977967582186,-1.0403088803088805,0.0011202522718203967,1.2923076923076922,1.7283582447577885,26.4,25.359691119691117,0.0,0.0,0.0,61.689189189189186,0.01559845559845563,29.73,82.43,52.7,52.43,35
2025,SG KERATONG,ROMPIN,PANTAI TIMUR,Luar Bandar,12,365,1126596,695187,431409,241159,190250,413721.231,231271.481,120042.74,666684.33,313341.78,158475.78,394721,11,56,39.3,23.0,22.0,11.5,4700.0,65.64166666666667,2700.083333333333,11152.0,0.959,0.27875,2.715,98.60833333333332,1.3449118479617468,38.29314146331072,55.90031733227633,18756.91304347826,10485.173913043478,47.82608695652174,117.39492753623188,159.77617974753863,244.6997027404448,52.99997826557584,61.75000000000001,True,1.0,431409.0,1126596.0,695187.0,241159.0,190250.0,413721.231,120042.74,666684.33,313341.78,11.0,14.864864864864863,41.21621621621622,45.27027027027027,17.56756756756757,27.94,68,64,33,-31,117.39492753623188,0,Sparse network · high loss rate,38.28333333333333,43.32398594207928,-5.0406526087459484,0.4398251211967394,-56787.7906640275,0,2.975694527102621,0.3570833432523111,-0.01999999999999602,0.9633444829775609,-0.6610038610038603,0.03528227275222558,1.9216783216783238,1.6258331197676263,39.4,38.738996138996136,0.0,0.0,0.0,52.770270270270274,0.39490347490347577,29.73,56.08,72.97,50.61,36
2025,LURAH BILUT,BENTONG,BARAT,Luar Bandar,12,365,1443500,768567,674933,544671,130262,635786.8859999999,513080.082,219939.535,723990.1,470070.73,304802.73,757216,15,80,45.4,25.0,38.0,12.4,5200.0,76.03333333333333,3465.75,14570.0,0.9419999999999998,0.3256666666666666,2.2963636363636364,98.65,2.7990664027980343,46.75670245930032,80.70001022323697,26997.32,21786.84,60.0,138.63,194.7437062684845,430.5703859391165,35.07221576648631,88.0,True,1.0,674933.0,1443500.0,768567.0,544671.0,130262.0,635786.8859999999,219939.535,723990.1,470070.73,15.0,24.324324324324326,89.1891891891892,92.56756756756756,21.62162162162162,53.78,32,56,16,-40,138.63,0,Sparse network · high loss rate,46.725,48.2668265067443,-1.5418265067442967,0.44173637623787226,-22256.26562485392,0,1.7611703164111108,-0.07494341771962021,0.8233333333333235,0.5478993894022194,-0.4606949806949807,0.33394996928037485,2.0937062937062962,2.405951660998559,47.2,46.73930501930502,0.0,0.0,0.0,46.554054054054056,0.5952123552123554,29.73,40.54,85.14,49.59,37
2025,SG. LEMBING,KUANTAN,PANTAI TIMUR,Pinggir Bandar,12,365,8833601,6154429,2679172,1894174,784998,3105160.348,2195347.666,763075.494,7132983.21,2516153.28,1927905.28,4815104,23,338,60.2,48.0,39.0,14.1,31600.0,76.59166666666665,20686.666666666668,86814.0,1.159,0.2849166666666666,2.7025,98.20833333333331,1.5945693823573537,30.329330020678995,70.6999774557214,55816.083333333336,39461.958333333336,47.91666666666667,430.97222222222223,129.51202062520142,250.8629298204565,64.72509178947023,93.75,True,1.0,2679172.0,8833601.0,6154429.0,1894174.0,784998.0,3105160.348,763075.494,7132983.21,2516153.28,23.0,85.13513513513513,43.24324324324324,96.62162162162164,91.8918918918919,77.97,5,15,64,49,430.97222222222223,1,Dense network · low loss rate,30.308333333333334,31.359712556155248,-1.0513792228219156,0.46943583347147827,-92874.64554098897,0,1.866091101218581,-0.38221143037006966,-1.129999999999992,0.06839608753366697,-1.047876447876448,0.003844703958462817,1.044755244755246,1.9310870571318688,30.6,29.552123552123554,0.0,0.0,0.0,60.067567567567565,0.00803088803088814,29.73,74.32,51.35,49.59,38
2025,JENGKA UTAMA,MARAN,TENGAH,Bandar,12,365,66001229,46135469,19865760,11263886,8601874,25845353.76,14654315.686,6211756.018,60022245.18,20640338.02,14550705.02,36488306,155,1979,610.5,365.0,22.0,11.699999999999998,241900.0,74.72500000000001,155351.16666666666,663174.0,1.301,0.3124166666666667,2.64,98.45,1.156110249539771,30.099075882359703,56.70000040270294,54426.739726027394,30859.961643835617,42.465753424657535,425.6196347031963,127.87647770052152,198.6464749894741,65.6121860185304,62.24999999999999,True,1.0,19865760.0,66001229.0,46135469.0,11263886.0,8601874.0,25845353.76,6211756.018,60022245.18,20640338.02,155.0,82.43243243243244,18.91891891891892,45.27027027027027,90.54054054054052,60.34,21,4,65,61,425.6196347031963,1,Dense network · low loss rate,30.125,32.62378433597133,-2.4987843359713264,0.56413356658665,-1649228.3718005647,0,1.9837963514017474,-0.5951389054205242,-1.9533333333333296,0.015160024341161545,-1.7652509652509654,1.8990117061147515e-05,0.9944055944055945,2.3567803419595377,30.0,28.234749034749036,0.0,0.0,0.0,69.93243243243244,0.0,29.73,100.0,25.68,49.59,39
2025,SG GAPOI,BENTONG,BARAT,Pinggir Bandar,12,365,9370126,6238605,3131521,2013568,1117953,3826718.662,2460580.096,936530.879,7623575.31,2803827.89,1918557.89,4786556,27,413,99.6,51.0,35.0,6.099999999999999,38700.0,66.31666666666668,22218.166666666668,93968.0,1.222,0.2993333333333333,2.499090909090909,98.3,1.56231665590985,33.42026563997111,64.29999990419991,61402.37254901961,39481.72549019608,52.94117647058824,435.6503267973856,140.94416731053417,248.2934231387639,63.22161484622364,67.75,True,1.0,3131521.0,9370126.0,6238605.0,2013568.0,1117953.0,3826718.662,936530.879,7623575.31,2803827.89,27.0,91.8918918918919,70.27027027027027,85.13513513513513,93.24324324324324,85.34,2,10,55,45,435.6503267973856,1,Dense network · low loss rate,33.40833333333334,34.29791011910962,-0.8895767857762896,0.4493599362951051,-83354.46569398842,0,1.5898710759091192,0.24088955695592712,-0.13666666666667027,0.8494440888673522,-0.3315830115830112,0.3340943169421545,-0.18881118881118836,1.732182221047653,34.1,33.76841698841699,0.0,0.0,0.0,45.20270270270271,0.7243243243243249,29.73,35.14,89.19,49.19,40
2025,SEMAMBU,KUANTAN,PANTAI TIMUR,Bandar,12,365,77636329,57745487,19890842,12232868,7657975,25460277.76,15658071.04,5475437.453,73914223.36,21354675.9,14212999.9,35580192,136,3112,488.4,437.0,16.0,10.6,286400.0,74.21666666666667,181203.5833333333,765403.0,1.28,0.2751666666666666,2.374166666666667,98.44166666666666,1.2332207155790622,25.620533912673796,61.50000085466467,45516.800915331805,27992.83295194508,31.12128146453089,414.65350877192986,109.77068794169357,184.956093211816,71.10884085733834,50.5,True,1.0,19890842.0,77636329.0,57745487.0,12232868.0,7657975.0,25460277.76,5475437.453,73914223.36,21354675.9,136.0,71.62162162162163,1.351351351351351,27.027027027027028,87.83783783783784,47.57,47,3,74,71,414.6535087719298,1,Dense network · low loss rate,25.641666666666666,29.830063798864504,-4.188397132197839,0.53943860774869,-3251717.777379679,0,1.9984911391899123,-0.19984911391899052,-1.8266666666666609,0.025979315326927637,-1.4097297297297298,7.0379085531173445e-06,0.9272727272727277,1.814694818406284,26.6,25.190270270270272,0.0,0.0,0.0,69.3918918918919,0.0,29.73,98.65,25.68,49.19,41
2025,MEMPATEH,TEMERLOH,TENGAH,Luar Bandar,12,365,592118,336779,255339,178737,76602,249721.542,174804.786,100448.151,329369.88,233271.62,131958.62,329296,10,38,31.6,21.0,17.0,15.199999999999998,2000.0,81.11666666666666,1395.1666666666667,5854.0,0.978,0.3938333333333333,2.5058333333333334,98.325,2.1370469571279185,43.12299237651955,69.99988250913492,12159.0,8511.285714285714,47.61904761904761,66.43650793650794,183.0168438657269,350.9906182957143,29.17639585016093,63.5,True,1.0,255339.0,592118.0,336779.0,178737.0,76602.0,249721.542,100448.151,329369.88,233271.62,10.0,5.405405405405405,39.18918918918919,33.108108108108105,6.756756756756757,19.59,72,71,25,-46,66.43650793650794,0,Sparse network · high loss rate,43.11666666666667,46.13638499404666,-3.019718327379995,0.4750058695403911,-17880.295765715877,0,1.2996285365524667,0.9048046773466557,-0.28000000000000114,0.817790036817679,-0.7023938223938231,0.11617053822134771,1.4685314685314705,2.2817512767365535,46.6,45.89760617760618,0.0,0.0,0.0,50.20270270270271,0.353513513513513,29.73,51.35,68.92,47.97,42
2025,BATU BALAI,JERANTUT,TENGAH,Pinggir Bandar,12,365,2438875,1581889,856986,632457,224529,1029240.186,759580.8570000001,218990.872,1899848.7,622230.89,384007.89,970843,12,99,42.0,28.0,18.0,8.2,10200.0,65.54166666666667,5819.583333333333,24327.0,1.201,0.2550833333333333,2.265,98.19166666666666,1.5149757473806351,35.13857823791707,73.8001554284434,30606.64285714286,22587.75,42.85714285714285,207.8422619047619,147.25899620534116,297.74621392303385,67.24839772767169,47.5,True,1.0,856986.0,2438875.0,1581889.0,632457.0,224529.0,1029240.186,218990.872,1899848.7,622230.89,12.0,32.432432432432435,22.2972972972973,36.48648648648648,52.702702702702695,33.75,60,48,51,3,207.8422619047619,0,Sparse network · high loss rate,35.13333333333333,37.634905087321386,-2.5015717539880544,0.427331507963354,-61010.20811507616,0,2.023472278429786,-0.07494341771961735,0.6199999999999974,0.3270335289917924,-0.30764478764478703,0.3855341205973362,0.45314685314685277,1.7865236261148816,34.7,34.39235521235521,0.0,0.0,0.0,43.445945945945944,0.7482625482625491,29.73,28.38,90.54,47.57,43
2025,RUNCHANG AGRO,PEKAN,PANTAI TIMUR,Pinggir Bandar,12,365,8418690,5274301,3144389,2446335,698054,3553159.57,2764358.55,834263.125,5959960.13,2234299.46,1554011.46,3874546,24,298,74.8,53.0,23.0,14.1,31500.0,73.19166666666666,19741.33333333333,83890.0,1.13,0.26575,2.665,98.55833333333334,2.13688742772938,37.35009841198571,77.80001138535977,59328.09433962264,46157.2641509434,45.28301886792453,372.4779874213836,159.27946440632178,339.50531902098186,62.51150324389838,69.75,True,1.0,3144389.0,8418690.0,5274301.0,2446335.0,698054.0,3553159.57,834263.125,5959960.13,2234299.46,24.0,89.1891891891892,29.72972972972973,48.64864864864865,82.43243243243244,65.2,15,9,37,28,372.47798742138355,1,Dense network · low loss rate,37.391666666666666,33.31481835970191,4.076848306964757,0.4326249219830356,343217.22073361126,0,1.9140953985146643,-1.1849161990805064,-1.6699999999999946,0.1568241720271407,-1.4231660231660237,0.0022231531787379123,-0.47412587412587515,2.496372368057298,35.2,33.77683397683398,0.0,4.076848306964757,0.0,42.63513513513514,0.0,81.08,22.97,25.68,47.03,44
2025,SBRG TEMERLOH,TEMERLOH,TENGAH,Pinggir Bandar,12,365,5070588,3500788,1569800,1208745,361055,1844515.0,1420275.375,421212.847,4113425.93,1358642.68,930826.68,2320131,16,173,55.9,43.0,14.0,9.4,19800.0,70.125,12113.25,50179.0,1.175,0.2678333333333333,2.575,98.28333333333336,1.8133135582700697,30.958934151226643,76.99993629761754,36506.976744186046,28110.3488372093,37.2093023255814,281.70348837209303,129.59362681361318,273.3890687459023,66.97053251667522,44.5,True,1.0,1569800.0,5070588.0,3500788.0,1208745.0,361055.0,1844515.0,421212.847,4113425.93,1358642.68,16.0,51.35135135135135,6.756756756756757,18.91891891891892,62.16216216216216,35.34,57,26,62,36,281.70348837209303,1,Dense network · low loss rate,30.90833333333333,39.61808692026096,-8.709753586927626,0.44060692098111276,-441635.72020832176,0,1.8418786124168556,0.2853614751631733,-1.0766666666666644,0.23853747519576643,-0.6030888030888039,0.05568219471521298,-0.6671328671328697,1.62272395209147,32.3,31.696911196911195,0.0,0.0,0.0,46.41891891891892,0.45281853281853224,29.73,39.19,77.03,46.76,45
2025,SG BERA (TEMBANGAU),BERA,TENGAH,Pinggir Bandar,12,365,3731892,2413149,1318743,899383,419360,1509960.735,1029793.535,369815.558,2763055.65,1046978.03,735580.03,1838174,15,161,48.3,35.0,29.0,12.1,12200.0,83.78333333333333,8743.333333333334,36860.0,1.145,0.2804166666666667,2.4766666666666666,97.8,1.890867205247049,35.337115865089345,68.20002077736147,37678.37142857143,25696.657142857144,42.85714285714285,249.80952380952385,150.82840259245137,281.821923030724,62.10796441975391,73.75,True,1.0,1318743.0,3731892.0,2413149.0,899383.0,419360.0,1509960.735,369815.558,2763055.65,1046978.03,15.0,52.702702702702695,22.2972972972973,62.83783783783784,56.75675675675676,47.74,46,34,49,15,249.80952380952382,1,Dense network · low loss rate,35.34166666666667,32.27381141953736,3.06785524712931,0.44891412421892696,114489.04453919895,0,1.5219278675369354,-0.6571961246182207,-1.9533333333333402,0.08019233788129886,-1.3964478764478767,0.0009732864529978171,-0.8097902097902112,2.2963470723179475,34.9,33.50355212355212,0.0,3.06785524712931,0.0,42.9054054054054,0.0,75.68,25.68,25.68,45.68,46
2025,MERAPOH,LIPIS,BARAT,Pinggir Bandar,12,365,4413791,3207097,1206694,926741,279953,1361150.832,1045363.848,346992.744,3617605.41,1269463.8,904577.8,2275135,17,173,60.9,34.0,34.0,13.5,15200.0,79.51666666666667,10354.583333333334,43554.0,1.128,0.2874166666666666,2.345,98.23333333333332,1.4627703065406306,27.33917396632509,76.8000006629684,35491.0,27257.08823529412,50.0,304.546568627451,116.53718562633294,245.20701187295455,64.90872673700476,84.75,True,1.0,1206694.0,4413791.0,3207097.0,926741.0,279953.0,1361150.832,346992.744,3617605.41,1269463.8,17.0,47.2972972972973,56.08108108108109,82.43243243243244,70.27027027027027,59.97,22,36,71,35,304.546568627451,1,Dense network · low loss rate,27.383333333333336,37.080096610589834,-9.6967632772565,0.4630569607749462,-427994.8648228524,0,2.473132784747515,-0.28906746834711156,-1.6600000000000001,0.03950586072076582,-1.3930501930501935,6.572199822344518e-05,1.9216783216783198,1.960867155112758,28.7,27.306949806949806,0.0,0.0,0.0,62.36486486486487,0.0,29.73,83.78,25.68,44.73,47
2025,CHENOR,MARAN,TENGAH,Luar Bandar,12,365,726748,451034,275714,220294,55420,280676.852,224259.292,95849.371,459152.61,252769.72,143331.72,356574,9,43,27.2,21.0,12.0,6.3,2500.0,79.66666666666667,1711.1666666666667,7178.0,1.018,0.3481666666666667,2.5333333333333337,98.175,1.7180635681610927,37.93804730112777,79.89946103571091,13129.238095238095,10490.190476190475,42.85714285714285,81.48412698412699,161.126327067303,352.70977236551204,44.94864790162033,33.75,True,1.0,275714.0,726748.0,451034.0,220294.0,55420.0,280676.852,95849.371,459152.61,252769.72,9.0,6.756756756756757,22.2972972972973,10.81081081081081,10.81081081081081,12.06,74,70,36,-34,81.48412698412699,0,Sparse network · high loss rate,37.94166666666667,47.89467146362983,-9.95300479696316,0.45476031648821497,-72333.26330183384,0,1.206983464326537,-0.3549951365666287,-0.21999999999999886,0.7983264380704205,-0.4954440154440158,0.18579912220454234,0.08811188811188608,1.9009500548702254,37.3,36.80455598455598,0.0,0.0,0.0,42.635135135135144,0.5604633204633203,29.73,24.32,82.43,43.92,48
2025,SIMPANG JENGKA,MARAN,TENGAH,Pinggir Bandar,12,365,4241960,2590891,1651069,1114473,536596,1964772.11,1326222.87,422737.264,3083160.29,1086787.06,666914.06,1677600,16,172,53.5,40.0,30.0,9.8,15700.0,73.99166666666666,9943.416666666666,41750.0,1.19,0.2561666666666666,2.5391666666666666,98.10833333333332,2.613064496067034,38.92231421324105,67.50008630771941,41276.725,27861.825,40.0,248.58541666666665,166.04644614108162,307.0725875510437,64.7508738509343,69.5,True,1.0,1651069.0,4241960.0,2590891.0,1114473.0,536596.0,1964772.11,422737.264,3083160.29,1086787.06,16.0,60.810810810810814,14.18918918918919,66.8918918918919,55.4054054054054,49.56,41,25,32,7,248.58541666666665,1,Dense network · low loss rate,38.94166666666667,32.267076687676955,6.674589978989712,0.41816453581434393,283133.437072752,0,1.4700439629618107,0.05188390457512469,-2.473333333333329,0.016398110401999087,-1.18980694980695,0.007791794771138348,-2.102097902097898,2.3601566698363143,40.2,39.01019305019305,0.0,6.674589978989712,0.0,29.256756756756758,0.0,86.49,1.35,25.68,42.7,49
2025,KUALA TAHAN,JERANTUT,TENGAH,Luar Bandar,12,365,1488252,950332,537920,300159,237761,527699.52,294455.979,147753.152,932275.71,408940.68,212370.68,532692,14,67,53.0,25.0,31.0,5.599999999999999,5100.0,79.93333333333334,3486.4166666666665,14932.0,0.981,0.2749166666666666,2.4654545454545453,98.41666666666669,2.0192070150672934,36.14441640259848,55.79993307555027,21516.8,12006.36,56.00000000000001,139.45666666666665,154.29022157420465,235.873535289108,56.13522098521692,60.5,True,1.0,537920.0,1488252.0,950332.0,300159.0,237761.0,527699.52,147753.152,932275.71,408940.68,14.0,16.216216216216218,85.13513513513513,73.64864864864865,22.972972972972972,45.95,48,62,43,-19,139.45666666666665,0,Sparse network · high loss rate,36.15833333333333,43.87512863044219,-7.71679529710886,0.43484974561338285,-114845.36034512855,0,1.3152569809793602,0.7419398354242557,-0.09333333333333371,0.9206683087597535,-0.24833976833976878,0.5490559702361244,1.8335664335664315,2.0824146122431886,38.5,38.25166023166023,0.0,0.0,0.0,32.63513513513514,0.8075675675675673,29.73,6.76,94.59,42.3,50
2025,SG AUR,ROMPIN,PANTAI TIMUR,Luar Bandar,12,365,446697,286240,160457,109750,50707,150348.209,102835.75,68597.121,268206.89,191026.74,93911.74,236740,10,34,30.5,20.0,33.0,7.8,1800.0,67.97500000000001,1026.6666666666667,4437.0,0.937,0.4284999999999999,2.5872727272727274,98.15,2.3207887896274864,35.92076955967916,68.39838710682614,8022.85,5487.5,50.0,51.333333333333336,156.2892857142857,292.8749332858921,28.77634873585836,69.0,True,1.0,160457.0,446697.0,286240.0,109750.0,50707.0,150348.209,68597.121,268206.89,191026.74,10.0,1.351351351351351,56.08108108108109,80.4054054054054,1.351351351351351,30.84,66,74,46,-28,51.333333333333336,0,Sparse network · high loss rate,35.93333333333333,41.14820665268413,-5.214873319350799,0.481767176692971,-23294.682671340437,0,1.6765913164132515,-0.2890674683471122,-2.306666666666672,0.02915863926794665,-1.143166023166023,0.004501987597512419,-4.548251748251748,2.139350599517134,36.5,35.356833976833975,0.0,0.0,0.0,59.391891891891895,0.0,29.73,72.97,25.68,41.49,51
2025,MUADZAM SHAH,ROMPIN,PANTAI TIMUR,Pinggir Bandar,12,365,4085543,2942148,1143395,833535,309860,1313760.855,957731.715,282534.322,3380528.05,1010592.82,677065.8200000001,1686446,13,154,41.4,35.0,16.0,11.199999999999998,17100.0,65.46666666666667,9693.25,40816.0,1.149,0.2469166666666666,2.561666666666667,98.48333333333332,1.0503967504392484,27.98636558224941,72.90000393564779,32668.42857142857,23815.285714285717,37.142857142857146,276.95,117.95785727181286,235.5925550508421,70.10547449828141,52.0,True,1.0,1143395.0,4085543.0,2942148.0,833535.0,309860.0,1313760.855,282534.322,3380528.05,1010592.82,13.0,39.18918918918919,5.405405405405405,27.027027027027028,59.45945945945946,31.35,65,38,70,32,276.95,1,Dense network · low loss rate,27.983333333333334,34.34621870875934,-6.362885375426004,0.45257143661595833,-259958.41805374084,0,2.5855479113269486,-1.5176042088223396,-2.3533333333333353,8.363220904039276e-05,-1.317065637065637,4.4693931681460206e-05,-1.4181818181818182,1.8219257888967133,26.6,25.282934362934363,0.0,0.0,0.0,58.986486486486484,0.0,29.73,71.62,25.68,41.08,52
2025,SG TEMAU,LIPIS,BARAT,Pinggir Bandar,12,365,4890840,3430920,1459920,970847,489073,1751904.0,1165016.4,320814.207,4117104.0,1073846.52,699609.52,1761207,18,183,62.5,38.0,16.0,15.0,19100.0,70.11666666666666,11653.166666666666,48220.0,1.2,0.2199166666666666,2.5309090909090908,98.16666666666669,1.705316997102316,29.85008710160218,66.50001369938079,38418.94736842105,25548.605263157893,47.368421052631575,306.6622807017544,125.2809679772308,228.25167360979543,73.91743031023749,61.5,True,1.0,1459920.0,4890840.0,3430920.0,970847.0,489073.0,1751904.0,320814.207,4117104.0,1073846.52,18.0,55.4054054054054,37.83783783783784,27.027027027027028,71.62162162162163,47.77,45,28,67,39,306.66228070175436,1,Dense network · low loss rate,29.84166666666667,41.187212857250806,-11.345546190584137,0.4495430930260062,-554892.5113075653,0,3.019149113847619,-0.128474430376494,-2.3866666666666667,0.024564447028169557,-1.1681853281853283,0.000510164147410666,0.4573426573426573,1.8385196003816915,31.7,30.531814671814672,0.0,0.0,0.0,58.31081081081081,0.0,29.73,68.24,25.68,40.07,53
2025,JENGKA 8,JERANTUT,TENGAH,Luar Bandar,12,365,855342,496927,358415,201429,156986,343003.155,192767.553,117634.833,475559.14,280504.72,157056.72,393889,11,51,37.7,23.0,36.0,8.4,2900.0,80.80833333333332,1990.6666666666667,8518.0,0.957,0.3285833333333333,2.7418181818181817,98.25833333333333,2.384593860343492,41.90312179221878,56.1999358285786,15583.260869565218,8757.782608695652,47.82608695652174,86.55072463768116,180.04772270596115,277.2238482782666,41.015807203284965,75.0,True,1.0,358415.0,855342.0,496927.0,201429.0,156986.0,343003.155,117634.833,475559.14,280504.72,11.0,12.162162162162163,41.21621621621622,87.83783783783784,12.162162162162163,34.56,59,66,28,-38,86.55072463768116,0,Sparse network · high loss rate,41.891666666666666,39.585778797518856,2.305887869147813,0.44168905880845166,19723.227417726288,0,1.4256281961664399,-0.19928136075444822,-1.3433333333333337,0.2803307859081313,-1.0639382239382242,0.01529552174070795,-0.6923076923076943,2.295545538861657,42.4,41.336061776061776,0.0,2.305887869147813,0.0,38.04054054054054,0.0,67.57,15.54,25.68,39.39,54
2025,NENASI,PEKAN,PANTAI TIMUR,Luar Bandar,12,365,2245011,1257689,987322,650646,336676,987322.0,650646.0,246001.354,1257689.0,558611.9199999999,346935.92,871392,14,105,53.4,26.0,24.0,9.6,8600.0,71.51666666666667,5257.25,22224.0,1.0,0.24875,2.4133333333333336,98.0,2.368911653954707,43.97849275571478,65.90008122983181,37973.92307692308,25024.846153846152,53.84615384615385,202.20192307692307,187.8019877312283,339.0730478523787,55.58425652128627,60.0,True,1.0,987322.0,2245011.0,1257689.0,650646.0,336676.0,987322.0,246001.354,1257689.0,558611.9199999999,14.0,54.054054054054056,75.67567567567568,50.67567567567568,47.2972972972973,57.77,26,40,19,-21,202.20192307692307,0,Sparse network · high loss rate,43.99166666666667,45.35663458165879,-1.3649679149921237,0.4267711890447054,-30643.679838043827,0,2.023472278429793,0.7153689873236609,-0.8599999999999852,0.4896439921195472,-0.9050193050193052,0.043689402744890034,2.3454545454545457,2.3170263509746953,46.9,45.9949806949807,0.0,0.0,0.0,43.310810810810814,0.15088803088803093,29.73,27.03,59.46,37.84,55
2025,KOTA GELANGGI,JERANTUT,TENGAH,Pinggir Bandar,12,365,8979478,5980004,2999474,1763689,1235785,3401403.516,2000023.326,739627.086,6781324.55,2213904.14,1325063.14,3317507,24,303,73.7,60.0,16.0,7.7,29700.0,82.79166666666667,21690.666666666668,89730.0,1.134,0.2465833333333333,2.8341666666666665,98.05833333333334,1.7406024731962697,33.403656649083615,58.79994292332589,49991.23333333333,29394.816666666666,40.0,361.5111111111111,138.2840853208753,222.7697623033369,67.35292458462263,43.25,True,1.0,2999474.0,8979478.0,5980004.0,1763689.0,1235785.0,3401403.516,739627.086,6781324.55,2213904.14,24.0,79.72972972972973,14.18918918918919,27.027027027027028,81.08108108108108,53.01,33,12,56,44,361.5111111111111,1,Dense network · low loss rate,33.36666666666667,33.74490526431048,-0.3782385976438138,0.4523105478042069,-33963.85166293478,0,1.9581989791255978,-1.6535902490393941,-1.9000000000000057,0.048940240450530435,-1.615444015444015,5.2577350641340306e-05,0.503496503496506,2.2508640316307176,31.3,29.684555984555985,0.0,0.0,0.0,55.067567567567565,0.0,29.73,60.81,25.68,37.84,56
2025,KARAK,BENTONG,BARAT,Luar Bandar,12,365,2230492,1249009,981483,759669,221814,991297.83,767265.69,329494.507,1261499.09,748723.64,463285.64,1160447,16,98,53.2,29.0,18.0,15.9,7800.0,78.33333333333333,5182.0,22058.0,1.01,0.3355833333333333,2.4208333333333334,97.625,2.0128940419809545,44.00298230166259,77.40011798472311,33844.24137931035,26195.48275862069,55.172413793103445,178.68965517241378,189.40235430335775,401.6373854702527,40.64810304381592,66.75,True,1.0,981483.0,2230492.0,1249009.0,759669.0,221814.0,991297.83,329494.507,1261499.09,748723.64,16.0,44.5945945945946,81.08108108108108,36.48648648648648,37.83783783783784,51.08,37,42,18,-24,178.68965517241378,0,Sparse network · high loss rate,44.041666666666664,52.81071542708879,-8.769048760422123,0.4396596755607698,-195592.9310773146,0,1.3152569809793673,0.4046944556859595,-0.5966666666666498,0.4958800943461636,-0.6948262548262554,0.11673814049946266,1.397202797202794,2.2605496845995683,46.3,45.605173745173744,0.0,0.0,0.0,35.337837837837846,0.3610810810810807,29.73,10.81,70.27,36.22,57
2025,MELA,LIPIS,BARAT,Pinggir Bandar,12,365,6292474,4212702,2079772,1618062,461710,2431253.468,1891514.478,467727.609,4924648.65,1415405.13,913276.13,2290855,15,251,42.2,40.0,17.0,7.400000000000001,21500.0,80.175,15136.333333333334,62858.0,1.169,0.2249166666666666,2.620833333333333,97.95833333333331,1.504135712768047,33.05173767901147,77.79997038136872,51994.3,40451.55,37.5,378.40833333333336,137.40262943469355,292.8745342559272,71.25875914010638,44.00000000000001,True,1.0,2079772.0,6292474.0,4212702.0,1618062.0,461710.0,2431253.468,467727.609,4924648.65,1415405.13,15.0,81.08108108108108,8.783783783783784,33.108108108108105,83.78378378378379,53.82,31,21,58,37,378.40833333333336,1,Dense network · low loss rate,33.03333333333333,35.1824282989651,-2.1490949656317637,0.4484641367167112,-135231.24194768767,0,1.946387620203888,-0.8286600759283892,-1.7766666666666637,0.03910370707455238,-1.4772200772200776,0.00044720524254708376,0.5454545454545462,2.3055672690465494,31.8,30.322779922779922,0.0,0.0,0.0,51.14864864864865,0.0,29.73,52.7,25.68,35.41,58
2025,BENTA,LIPIS,BARAT,Luar Bandar,12,365,602169,385433,216736,158000,58736,220853.984,161001.99999999997,70462.091,392756.24,195595.89,100191.89,251834,11,38,38.400000000000006,21.0,25.0,10.0,2200.0,74.99166666666666,1381.8333333333333,5903.0,1.019,0.32475,2.589166666666667,98.16666666666669,1.7331002174243595,35.99255358545525,72.89974900339584,10320.761904761905,7523.809523809524,52.38095238095239,65.8015873015873,156.84670124231096,313.2626069198653,50.199164244978014,62.5,True,1.0,216736.0,602169.0,385433.0,158000.0,58736.0,220853.984,70462.091,392756.24,195595.89,11.0,2.702702702702702,68.91891891891892,53.37837837837838,5.405405405405405,29.8,67,73,45,-28,65.8015873015873,0,Sparse network · high loss rate,36.0,43.817589728218486,-7.817589728218489,0.44090609276850806,-47075.101890515994,0,1.9391609334952156,-1.9391609334952156,-1.193333333333321,0.2676921541773383,-1.3772972972972974,0.00042050441251325314,-0.4699300699300688,2.14138382625769,32.7,31.322702702702706,0.0,0.0,0.0,48.17567567567568,0.0,29.73,48.65,25.68,34.19,59
2025,LEPAR HILIR,KUANTAN,PANTAI TIMUR,Luar Bandar,12,365,1688025,835383,852642,551658,300984,861168.42,557174.5800000001,269208.955,843736.8300000001,532425.37,341133.37,855436,14,79,46.8,26.0,12.0,14.0,6900.0,67.05833333333334,4075.4166666666665,17129.0,1.01,0.3153333333333333,2.3841666666666668,98.7,2.948908375324774,50.51121873195006,64.69983885382142,32793.92307692308,21217.615384615383,53.84615384615385,156.74679487179486,209.2159083938248,370.8557687325021,36.89674895429183,53.0,True,1.0,852642.0,1688025.0,835383.0,551658.0,300984.0,861168.42,269208.955,843736.8300000001,532425.37,14.0,40.54054054054054,75.67567567567568,10.81081081081081,28.37837837837838,41.55,53,49,10,-39,156.74679487179486,0,Sparse network · high loss rate,50.51666666666667,52.817163516327014,-2.3004968496603504,0.4475762838127672,-38832.96194647913,0,1.811867334280266,-1.0977006477756344,-4.339999999999996,0.003851648440731874,-1.9996911196911193,0.00039432873847432547,-2.760839160839158,3.096772513440404,49.7,47.70030888030888,0.0,0.0,0.0,47.63513513513514,0.0,29.73,45.27,25.68,33.18,60
2025,TRAS,RAUB,BARAT,Luar Bandar,12,365,2048408,1290678,757730,527380,230350,747121.78,519996.68,189327.33,1272608.51,511348.7,286595.7,723184,11,102,34.9,26.0,29.0,6.8,6600.0,85.00833333333334,4929.25,20474.0,0.986,0.25,2.3608333333333333,98.625,1.821587719046716,36.99116582243381,69.59998944214958,29143.46153846154,20283.846153846152,42.30769230769231,189.58653846153845,153.7211543338236,293.1230333881964,59.81885269649816,60.5,True,1.0,757730.0,2048408.0,1290678.0,527380.0,230350.0,747121.78,189327.33,1272608.51,511348.7,11.0,28.37837837837838,17.56756756756757,62.83783783783784,43.24324324324324,34.8,58,54,38,-16,189.58653846153845,0,Sparse network · high loss rate,37.0,45.31767823589765,-8.317678235897647,0.4498036816417768,-170379.98639838627,0,1.608401041828807,-1.5392225023953114,-2.2166666666666544,0.040961700808062364,-1.7051737451737456,0.00013434104351526746,-1.7790209790209772,2.48560516266992,33.9,32.19482625482625,0.0,0.0,0.0,46.55405405405406,0.0,29.73,41.89,25.68,32.16,61
2025,JENDERAK UTARA,TEMERLOH,TENGAH,Pinggir Bandar,12,365,8055568,5484513,2571055,1581199,989856,2964426.415,1823122.447,712938.5700000001,6323643.5,2232915.55,1507977.55,3783918,28,272,101.1,61.0,25.0,11.800000000000002,29800.0,74.03333333333333,18869.25,79128.0,1.153,0.2773333333333334,2.499090909090909,98.91666666666669,1.855764973363716,31.91649552210347,61.50000680654439,42148.44262295082,25921.29508196721,45.90163934426229,309.33196721311475,136.25634299190483,229.5826307243012,64.68941441749523,67.00000000000001,True,1.0,2571055.0,8055568.0,5484513.0,1581199.0,989856.0,2964426.415,712938.5700000001,6323643.5,2232915.55,28.0,63.51351351351351,32.432432432432435,53.37837837837838,72.97297297297297,55.14,29,17,60,43,309.33196721311475,1,Dense network · low loss rate,31.974999999999998,32.65810145007014,-0.6831014500701448,0.4359666998012326,-55027.70181938656,0,1.9417158227356526,-0.8380036708648623,-2.663333333333334,0.01558591766400444,-1.865482625482625,2.1412776839534792e-05,-1.2881118881118874,2.5024232083283295,31.4,29.534517374517375,0.0,0.0,0.0,45.2027027027027,0.0,29.73,33.78,25.68,29.73,62
2025,BUKIT BETONG,LIPIS,BARAT,Pinggir Bandar,12,365,7243247,5297293,1945954,1132546,813408,2239793.054,1303560.446,505230.184,6097184.2700000005,1880059.33,1252517.33,3139204,24,290,81.8,48.0,33.0,11.6,30300.0,65.45833333333333,17280.833333333332,71134.0,1.151,0.2600833333333333,2.4054545454545457,98.89166666666668,1.2593889812367765,26.86576890170941,58.200039672058026,40540.708333333336,23594.70833333333,50.0,360.0173611111111,112.6076481651155,179.55533124895544,69.16512201787202,78.49999999999999,True,1.0,1945954.0,7243247.0,5297293.0,1132546.0,813408.0,2239793.054,505230.184,6097184.2700000005,1880059.33,24.0,58.108108108108105,56.08108108108109,80.4054054054054,79.72972972972973,65.3,13,23,73,50,360.0173611111111,1,Dense network · low loss rate,26.866666666666664,38.01735891427332,-11.150692247606658,0.46046295326263115,-807672.1817040019,0,1.266726548285314,-0.937706665613804,-2.1499999999999986,0.017037999665375177,-1.7147490347490355,5.713038535405927e-06,1.0405594405594398,2.191698352115699,26.0,24.285250965250963,0.0,0.0,0.0,44.527027027027025,0.0,29.73,32.43,25.68,29.32,63
2025,BATU 9,LIPIS,BARAT,Pinggir Bandar,12,365,8593288,5875193,2718095,1668910,1049185,3318793.995,2037739.11,855173.062,7173610.65,2704773.32,1851408.32,4636544,22,314,78.4,48.0,38.0,8.5,33000.0,71.33333333333333,20076.75,85307.0,1.221,0.3145,2.486666666666667,97.71666666666664,1.6042320923297249,31.630442270758294,61.399987859144,56626.97916666666,34768.958333333336,45.83333333333333,418.265625,135.3852092594668,227.74384122846385,62.29550986294468,78.25,True,1.0,2718095.0,8593288.0,5875193.0,1668910.0,1049185.0,3318793.995,855173.062,7173610.65,2704773.32,22.0,86.48648648648648,31.08108108108108,92.56756756756756,89.1891891891892,74.26,7,14,61,47,418.265625,1,Dense network · low loss rate,31.65833333333333,35.63631468143948,-3.977981348106146,0.44837719625655553,-341839.39382904366,0,1.6112834809718646,0.0,-0.8100000000000023,0.273380640410951,-1.2251737451737448,0.0004097199313482678,0.297902097902096,1.901808349965895,32.9,31.674826254826254,0.0,0.0,0.0,43.98648648648649,0.0,29.73,29.73,25.68,28.51,64
2025,KG BANTAL,JERANTUT,TENGAH,Pinggir Bandar,12,365,2683384,1731448,951936,699673,252263,1085207.04,797627.22,312822.219,1973850.72,881440.16,596615.16,1490218,13,108,40.3,30.0,15.0,6.900000000000001,9500.0,77.39999999999999,6232.333333333333,26509.0,1.14,0.3284166666666666,2.341666666666667,98.65,2.106195766319126,35.47520593399975,73.50000420196315,31731.2,23322.43333333333,43.333333333333336,207.74444444444444,152.7415093330481,307.5753856929652,55.34413260998785,39.75,True,1.0,951936.0,2683384.0,1731448.0,699673.0,252263.0,1085207.04,312822.219,1973850.72,881440.16,13.0,36.48648648648648,27.027027027027028,21.62162162162162,51.35135135135135,33.38,62,44,48,4,207.74444444444444,0,Sparse network · high loss rate,35.483333333333334,40.42036156773467,-4.937028234401339,0.4384773985389449,-132479.425717408,0,1.7135711186702662,-1.3489815189531906,-2.8100000000000023,0.015324083835634454,-1.6869498069498072,0.0002280643854231837,-2.2741258741258745,2.529973100427925,33.5,31.81305019305019,0.0,0.0,0.0,42.22972972972973,0.0,29.73,21.62,25.68,26.08,65
2025,BATU SAWAR,MARAN,TENGAH,Pinggir Bandar,12,365,3819505,2441973,1377532,1159880,217652,1636508.0159999998,1377937.44,424236.536,2901063.92,1175974.52,764037.52,1925967,13,156,47.4,33.0,10.0,6.7,16300.0,64.2,9153.5,38055.0,1.188,0.3083333333333333,2.5575,98.4,1.734913324182003,36.06572055803042,84.19985887805147,41743.393939393936,35147.878787878784,39.39393939393939,277.3787878787879,150.49237996394822,347.16266178593264,59.46402587365258,31.75,True,1.0,1377532.0,3819505.0,2441973.0,1159880.0,217652.0,1636508.0159999998,424236.536,2901063.92,1175974.52,13.0,62.16216216216216,12.162162162162163,2.027027027027027,60.810810810810814,37.43,54,31,44,13,277.3787878787879,1,Dense network · low loss rate,36.05833333333333,41.8010227627447,-5.74268942941137,0.4363957361157831,-219342.30989083875,0,1.7151336455262003,-0.36615212657300716,-1.5600000000000023,0.06282570301588496,-1.472123552123552,0.00022810713389814373,0.5748251748251767,2.2078144044381185,36.6,35.127876447876446,0.0,0.0,0.0,42.0945945945946,0.0,29.73,20.27,25.68,25.68,66
2025,HABU,CAMERON HIGHLANDS,BARAT,Luar Bandar,12,365,732740,415031,317709,243047,74662,302776.677,231623.791,120592.463,395524.56,278057.86,157902.86,394687,12,45,42.2,22.0,22.0,15.300000000000002,3000.0,66.90833333333333,1733.1666666666667,7242.0,0.953,0.3794166666666667,2.520833333333333,98.26666666666668,2.4683450473398696,43.35903594726642,76.49987881992641,14441.318181818182,11047.59090909091,54.54545454545454,78.78030303030303,183.31127993076257,384.19974523366966,29.698964837986296,71.25000000000001,True,1.0,317709.0,732740.0,415031.0,243047.0,74662.0,302776.677,120592.463,395524.56,278057.86,12.0,8.108108108108109,79.72972972972973,45.27027027027027,9.45945945945946,33.65,61,67,23,-44,78.78030303030303,0,Sparse network · high loss rate,43.4,48.98468144602298,-5.584681446022979,0.43203747241960627,-40921.19482758878,0,1.7060648622055052,-1.6267130081494368,-2.576666666666675,0.05917394524117739,-1.1173745173745167,0.007904039045314783,-2.0559440559440563,2.2200875163486034,40.5,39.382625482625485,0.0,0.0,0.0,38.71621621621622,0.0,29.73,17.57,25.68,24.86,67
2025,JENGKA 3-7,MARAN,TENGAH,Luar Bandar,12,365,1107527,555837,551690,340394,211296,555551.83,342776.758,178949.707,559727.86,359316.2,238180.2,594860,12,58,38.7,23.0,14.0,6.7,3900.0,77.79166666666667,2668.4166666666665,11193.0,1.007,0.3241666666666666,2.433,98.06666666666666,2.1452378550047677,49.812781087955415,61.700230201743736,23986.52173913044,14799.739130434782,52.17391304347826,116.01811594202898,206.74807157802687,349.4905098665987,35.8051964753014,37.75,True,1.0,551690.0,1107527.0,555837.0,340394.0,211296.0,555551.83,178949.707,559727.86,359316.2,12.0,21.62162162162162,67.56756756756756,18.91891891891892,16.216216216216218,31.76,63,61,13,-48,116.01811594202898,0,Sparse network · high loss rate,49.824999999999996,50.72508105742125,-0.9000810574212501,0.44356151031037316,-9968.64073282585,0,1.3489815189531904,0.0,-1.8400000000000034,0.055540732144502454,-1.4353667953667957,0.015521675229341605,1.388811188811188,3.103179373194889,50.9,49.4646332046332,0.0,0.0,0.0,38.04054054054054,0.0,29.73,15.54,25.68,24.26,68
2025,MEMPAGA,BENTONG,BARAT,Luar Bandar,12,365,1527874,862623,665251,383184,282067,660594.243,380501.712,193453.109,856584.66,444058.07,242430.07,608615,13,86,41.8,24.0,26.0,6.599999999999999,5000.0,83.69166666666666,3694.3333333333335,15439.0,0.993,0.29075,2.4833333333333334,98.55833333333334,2.254070392275567,43.54095952938528,57.59991341613917,27718.791666666668,15966.0,54.16666666666666,153.93055555555557,180.07335558964178,284.17012850731527,48.1594650550945,55.49999999999999,True,1.0,665251.0,1527874.0,862623.0,383184.0,282067.0,660594.243,193453.109,856584.66,444058.07,13.0,27.027027027027028,78.37837837837837,56.08108108108109,27.027027027027028,45.68,49,58,22,-36,153.93055555555557,0,Sparse network · high loss rate,43.50833333333333,45.96068178197897,-2.452348448645638,0.43893685465716276,-37468.794336260056,0,1.5211919256280684,-1.2628763156157554,-1.5066666666666606,0.19908551225182766,-1.7377606177606184,0.0007542019849714757,0.19720279720279374,2.8067984045796055,41.5,39.76223938223938,0.0,0.0,0.0,36.95945945945946,0.0,29.73,13.51,25.68,23.65,69
2025,BELIMBING,PEKAN,PANTAI TIMUR,Luar Bandar,12,365,1780924,1008965,771959,549633,222326,781222.5079999999,556228.596,235137.993,1021072.59,541997.85,351243.85,883994,13,83,54.0,25.0,31.0,10.6,7200.0,67.76666666666667,4104.416666666667,17430.0,1.012,0.30475,2.215,97.94166666666666,2.3145619390495824,43.34598219800508,71.19976579067023,30878.36,21985.32,52.0,164.17666666666668,188.08007634052743,366.8837639818338,46.91877391400743,73.0,True,1.0,771959.0,1780924.0,1008965.0,549633.0,222326.0,781222.5079999999,235137.993,1021072.59,541997.85,13.0,33.78378378378378,66.21621621621621,73.64864864864865,33.78378378378378,49.86,40,53,24,-29,164.17666666666668,0,Sparse network · high loss rate,43.40833333333333,47.76910689237738,-4.360773559044046,0.42452163572813006,-77662.06289866958,0,1.6615504074911285,-1.0035106421481055,-2.1499999999999915,0.050637157874691,-1.6724324324324327,0.0003195606907935787,-1.3720279720279722,2.5573831025744527,41.6,39.92756756756757,0.0,0.0,0.0,35.067567567567565,0.0,29.73,9.46,25.68,22.43,70
2025,SEBERANG TEMBELING,JERANTUT,TENGAH,Luar Bandar,12,365,1895342,1221647,673695,371206,302489,668305.44,368236.352,167692.091,1211873.83,471389.78,289723.78,726560,10,79,36.0,27.0,20.0,7.0,6600.0,78.66666666666667,4377.0,18645.0,0.992,0.2488333333333333,2.4745454545454546,97.95,2.2010156057987635,35.54477239463907,55.10000816393175,24951.666666666668,13748.37037037037,37.03703703703704,162.11111111111111,153.91706648389308,232.3515512282448,61.10240453001613,47.5,True,1.0,673695.0,1895342.0,1221647.0,371206.0,302489.0,668305.44,167692.091,1211873.83,471389.78,10.0,22.972972972972972,4.054054054054054,40.54054054054054,32.432432432432435,23.18,71,57,47,-10,162.11111111111111,0,Sparse network · high loss rate,35.49166666666667,47.26368076106885,-11.772014094402175,0.4337005956912434,-223119.92737712408,0,1.4117248454161304,-0.09411498969440779,-1.1266666666666794,0.3127724324122017,-1.3127413127413128,0.0034925228353427764,1.447552447552447,2.3972914242618706,36.5,35.18725868725869,0.0,0.0,0.0,32.9054054054054,0.0,29.73,8.11,25.68,22.03,71
2025,BUKIT SAGU,KUANTAN,PANTAI TIMUR,Pinggir Bandar,12,365,5727548,3714852,2012696,1588018,424678,2354854.32,1857981.06,553932.6510000001,4346376.84,1576381.49,1026311.49,2558060,22,213,72.2,45.0,14.0,5.8,22600.0,69.44166666666666,13283.25,56027.0,1.17,0.2751666666666666,2.611666666666667,98.59166666666664,1.7495237447183545,35.14062213009825,78.90004253001943,44726.57777777778,35289.28888888889,48.888888888888886,295.18333333333334,151.5213520787458,327.53537323887923,63.73113634573848,35.5,True,1.0,2012696.0,5727548.0,3714852.0,1588018.0,424678.0,2354854.32,553932.6510000001,4346376.84,1576381.49,22.0,68.91891891891892,48.64864864864865,18.91891891891892,68.91891891891892,53.85,30,22,50,28,295.18333333333334,1,Dense network · low loss rate,35.15833333333333,35.9806427590435,-0.8223094257101634,0.4226705840206168,-47098.16706607395,0,1.5495057987975824,0.3463601197312254,-1.893333333333345,0.06367959290981795,-1.345173745173745,0.0008506848125208227,1.4643356643356658,2.1909465793533736,38.1,36.754826254826256,0.0,0.0,0.0,32.22972972972973,0.0,29.73,5.41,25.68,21.22,72
2025,ULU JEMPOL,MARAN,TENGAH,Luar Bandar,12,365,2459104,1617026,842078,633243,208835,808394.8799999999,607913.28,253704.124,1552344.96,740849.37,495230.37,1241711,16,121,57.3,31.0,37.0,10.5,9200.0,73.18333333333334,5780.416666666667,24048.0,0.96,0.3011666666666666,2.748333333333333,97.8,1.758528999597177,34.24328535922027,75.20004085132256,27163.8064516129,20427.1935483871,51.61290322580645,186.4650537634409,145.67773372738412,300.136206230887,52.27546781869926,81.75000000000001,True,1.0,842078.0,2459104.0,1617026.0,633243.0,208835.0,808394.8799999999,253704.124,1552344.96,740849.37,16.0,25.675675675675677,63.51351351351351,89.86486486486487,41.891891891891895,50.41,38,50,52,2,186.46505376344086,1,Dense network · low loss rate,34.21666666666666,48.428454808311294,-14.211788141644627,0.4277346360863861,-349482.6506627087,0,1.437730303094853,-0.3727448933949605,-1.3699999999999903,0.18816893189124398,-1.171119691119692,0.003900595052208658,1.6447552447552436,2.161195014081074,34.8,33.628880308880305,0.0,0.0,0.0,31.41891891891892,0.0,29.73,4.05,25.68,20.81,73
2025,JAWI-JAWI,BENTONG,BARAT,Pinggir Bandar,12,365,4838028,3001140,1836888,1098459,738429,2165690.952,1295083.161,543825.073,3538344.0700000003,1433830.65,959063.65,2395605,18,196,59.1,40.0,28.0,5.8,19800.0,66.94166666666666,11647.916666666666,48162.0,1.179,0.2964166666666666,2.3925,98.21666666666664,1.9508156802173329,37.96770088970134,59.79999869344239,45922.2,27461.475,45.0,291.19791666666663,157.7009908781971,258.37038488960974,59.47735376678618,56.49999999999999,True,1.0,1836888.0,4838028.0,3001140.0,1098459.0,738429.0,2165690.952,543825.073,3538344.0700000003,1433830.65,18.0,72.97297297297297,28.37837837837838,60.13513513513513,67.56756756756756,58.45,24,24,35,11,291.19791666666663,1,Dense network · low loss rate,37.975,38.211544047579295,-0.23654404757929312,0.43084716635840864,-11444.067254219523,0,1.277227182838659,-0.8754029005972818,-2.093333333333341,0.059617830368172364,-1.5196911196911203,0.0010287022050535807,-0.9188811188811192,2.509051515248908,36.7,35.180308880308885,0.0,0.0,0.0,29.39189189189189,0.0,29.73,2.7,25.68,20.41,74
