plant_id,plant,district,region,area_type
P001,BENTONG (FASA 2),BENTONG,BARAT,Bandar
P002,JANDA BAIK,BENTONG,BARAT,Pinggir Bandar
P003,JAWI-JAWI,BENTONG,BARAT,Pinggir Bandar
P004,KARAK,BENTONG,BARAT,Luar Bandar
P005,KARAK INDAH,BENTONG,BARAT,Luar Bandar
P006,LURAH BILUT,BENTONG,BARAT,Luar Bandar
P007,MEMPAGA,BENTONG,BARAT,Luar Bandar
P008,SG GAPOI,BENTONG,BARAT,Pinggir Bandar
P009,BRINCHANG,CAMERON HIGHLANDS,BARAT,Pinggir Bandar
P010,HABU,CAMERON HIGHLANDS,BARAT,Luar Bandar
P011,TERLA,CAMERON HIGHLANDS,BARAT,Luar Bandar
P012,BATU 9,LIPIS,BARAT,Pinggir Bandar
P013,BENTA,LIPIS,BARAT,Luar Bandar
P014,BUKIT BETONG,LIPIS,BARAT,Pinggir Bandar
P015,KECHAU,LIPIS,BARAT,Pinggir Bandar
P016,KUALA MEDANG,LIPIS,BARAT,Luar Bandar
P017,MELA,LIPIS,BARAT,Pinggir Bandar
P018,MERAPOH,LIPIS,BARAT,Pinggir Bandar
P019,SG JELAI,LIPIS,BARAT,Bandar
P020,SG TEMAU,LIPIS,BARAT,Pinggir Bandar
P021,BATU MALIM,RAUB,BARAT,Pinggir Bandar
P022,BUKIT FRASER,RAUB,BARAT,Luar Bandar
P023,SG BILUT,RAUB,BARAT,Pinggir Bandar
P024,SG KLAU,RAUB,BARAT,Luar Bandar
P025,SG KLOI,RAUB,BARAT,Luar Bandar
P026,SG SEMANTAN,RAUB,BARAT,Pinggir Bandar
P027,TRAS,RAUB,BARAT,Luar Bandar
P028,ULU SUNGAI,RAUB,BARAT,Luar Bandar
P029,BUKIT SAGU,KUANTAN,PANTAI TIMUR,Pinggir Bandar
P030,BUKIT UBI,KUANTAN,PANTAI TIMUR,Bandar
P031,LEPAR HILIR,KUANTAN,PANTAI TIMUR,Luar Bandar
P032,PANCHING,KUANTAN,PANTAI TIMUR,Bandar
P033,SEMAMBU,KUANTAN,PANTAI TIMUR,Bandar
P034,SG. LEMBING,KUANTAN,PANTAI TIMUR,Pinggir Bandar
P035,BELIMBING,PEKAN,PANTAI TIMUR,Luar Bandar
P036,CHINI,PEKAN,PANTAI TIMUR,Luar Bandar
P037,GANCHONG,PEKAN,PANTAI TIMUR,Luar Bandar
P038,LEPAR,PEKAN,PANTAI TIMUR,Pinggir Bandar
P039,NENASI,PEKAN,PANTAI TIMUR,Luar Bandar
P040,RUNCHANG,PEKAN,PANTAI TIMUR,Pinggir Bandar
P041,RUNCHANG AGRO,PEKAN,PANTAI TIMUR,Pinggir Bandar
P042,SEKOR,PEKAN,PANTAI TIMUR,Luar Bandar
P043,MUADZAM SHAH,ROMPIN,PANTAI TIMUR,Pinggir Bandar
P044,SELENDANG,ROMPIN,PANTAI TIMUR,Luar Bandar
P045,SEPAYANG,ROMPIN,PANTAI TIMUR,Luar Bandar
P046,SG AUR,ROMPIN,PANTAI TIMUR,Luar Bandar
P047,SG KERATONG,ROMPIN,PANTAI TIMUR,Luar Bandar
P048,BERA KOMPLEKS,BERA,TENGAH,Luar Bandar
P049,SG BERA (KEPAYANG),BERA,TENGAH,Luar Bandar
P050,SG BERA (TEMBANGAU),BERA,TENGAH,Pinggir Bandar
P051,TRIANG,BERA,TENGAH,Bandar
P052,BATU BALAI,JERANTUT,TENGAH,Pinggir Bandar
P053,BATU EMBUN,JERANTUT,TENGAH,Luar Bandar
P054,JENGKA 8,JERANTUT,TENGAH,Luar Bandar
P055,KG BANTAL,JERANTUT,TENGAH,Pinggir Bandar
P056,KOTA GELANGGI,JERANTUT,TENGAH,Pinggir Bandar
P057,KUALA TAHAN,JERANTUT,TENGAH,Luar Bandar
P058,LEPAR UTARA,JERANTUT,TENGAH,Luar Bandar
P059,PADANG PIOL,JERANTUT,TENGAH,Pinggir Bandar
P060,SEBERANG TEMBELING,JERANTUT,TENGAH,Luar Bandar
P061,SG TEKAM UTARA,JERANTUT,TENGAH,Luar Bandar
P062,BATU SAWAR,MARAN,TENGAH,Pinggir Bandar
P063,CHENOR,MARAN,TENGAH,Luar Bandar
P064,JENGKA 3-7,MARAN,TENGAH,Luar Bandar
P065,JENGKA UTAMA,MARAN,TENGAH,Bandar
P066,KERTAU,MARAN,TENGAH,Pinggir Bandar
P067,PEKAN TAJAU,MARAN,TENGAH,Pinggir Bandar
P068,SIMPANG JENGKA,MARAN,TENGAH,Pinggir Bandar
P069,ULU JEMPOL,MARAN,TENGAH,Luar Bandar
P070,JENDERAK KG,TEMERLOH,TENGAH,Pinggir Bandar
P071,JENDERAK UTARA,TEMERLOH,TENGAH,Pinggir Bandar
P072,LUBUK KAWAH,TEMERLOH,TENGAH,Luar Bandar
P073,MEMPATEH,TEMERLOH,TENGAH,Luar Bandar
P074,SBRG TEMERLOH,TEMERLOH,TENGAH,Pinggir Bandar
